INSERT INTO public.tiktok_accounts (id, username, nickname, avatar_url, follower_count, following_count, heart_count, video_count, is_active, created_at) VALUES ('a8ca9e63-2d55-4259-9921-d5d5551b8f8b', 'tech_guru', 'Tech Guru', 'https://api.dicebear.com/7.x/avataaars/svg?seed=tech_guru', 102358, 197, 156264, 90, true, NOW());
INSERT INTO public.tiktok_videos (id, video_id, account_id, description, cover_url, web_video_url, play_count, digg_count, comment_count, share_count, create_time, created_at, updated_at, is_ad, is_pinned, collect_count) VALUES ('e7ef0dbd-7cc6-4885-ae1f-e1b81846f41b', '941663925137929000', 'a8ca9e63-2d55-4259-9921-d5d5551b8f8b', 'Video 1 for tech_guru #tiktok', 'https://picsum.photos/seed/941663925137929000/300/500', 'https://www.tiktok.com/@tech_guru/video/941663925137929000', 271203, 20413, 1706, 2899, '2026-01-02T13:36:08.030Z', NOW(), NOW(), false, false, 0);
INSERT INTO public.tiktok_videos (id, video_id, account_id, description, cover_url, web_video_url, play_count, digg_count, comment_count, share_count, create_time, created_at, updated_at, is_ad, is_pinned, collect_count) VALUES ('f756bd60-7ee6-48a1-baea-137ab8b67254', '291660153242241600', 'a8ca9e63-2d55-4259-9921-d5d5551b8f8b', 'Video 2 for tech_guru #tiktok', 'https://picsum.photos/seed/291660153242241600/300/500', 'https://www.tiktok.com/@tech_guru/video/291660153242241600', 215750, 28607, 817, 2718, '2026-01-22T13:36:08.030Z', NOW(), NOW(), false, false, 0);
INSERT INTO public.tiktok_videos (id, video_id, account_id, description, cover_url, web_video_url, play_count, digg_count, comment_count, share_count, create_time, created_at, updated_at, is_ad, is_pinned, collect_count) VALUES ('3f836ec7-3016-4b34-adec-54b11438ca0b', '361377425339805900', 'a8ca9e63-2d55-4259-9921-d5d5551b8f8b', 'Video 3 for tech_guru #tiktok', 'https://picsum.photos/seed/361377425339805900/300/500', 'https://www.tiktok.com/@tech_guru/video/361377425339805900', 144220, 12434, 1583, 189, '2026-01-19T13:36:08.030Z', NOW(), NOW(), false, false, 0);
INSERT INTO public.tiktok_videos (id, video_id, account_id, description, cover_url, web_video_url, play_count, digg_count, comment_count, share_count, create_time, created_at, updated_at, is_ad, is_pinned, collect_count) VALUES ('1a80f852-561e-439f-913b-5c04571375f4', '284970605956074050', 'a8ca9e63-2d55-4259-9921-d5d5551b8f8b', 'Video 4 for tech_guru #tiktok', 'https://picsum.photos/seed/284970605956074050/300/500', 'https://www.tiktok.com/@tech_guru/video/284970605956074050', 379893, 31075, 1919, 4067, '2026-01-19T13:36:08.030Z', NOW(), NOW(), false, false, 0);
INSERT INTO public.tiktok_videos (id, video_id, account_id, description, cover_url, web_video_url, play_count, digg_count, comment_count, share_count, create_time, created_at, updated_at, is_ad, is_pinned, collect_count) VALUES ('ff46f4d8-62d7-423a-b0dc-447366db5418', '193872709922592770', 'a8ca9e63-2d55-4259-9921-d5d5551b8f8b', 'Video 5 for tech_guru #tiktok', 'https://picsum.photos/seed/193872709922592770/300/500', 'https://www.tiktok.com/@tech_guru/video/193872709922592770', 407637, 29917, 4249, 5177, '2026-01-26T13:36:08.030Z', NOW(), NOW(), false, false, 0);
INSERT INTO public.tiktok_videos (id, video_id, account_id, description, cover_url, web_video_url, play_count, digg_count, comment_count, share_count, create_time, created_at, updated_at, is_ad, is_pinned, collect_count) VALUES ('01fe7b9f-9dea-4859-b805-614bc7901e65', '601634501724995100', 'a8ca9e63-2d55-4259-9921-d5d5551b8f8b', 'Video 6 for tech_guru #tiktok', 'https://picsum.photos/seed/601634501724995100/300/500', 'https://www.tiktok.com/@tech_guru/video/601634501724995100', 170619, 12042, 278, 2300, '2026-01-06T13:36:08.030Z', NOW(), NOW(), false, false, 0);
INSERT INTO public.tiktok_videos (id, video_id, account_id, description, cover_url, web_video_url, play_count, digg_count, comment_count, share_count, create_time, created_at, updated_at, is_ad, is_pinned, collect_count) VALUES ('e1755c75-48b0-4996-9303-3ec0af5d0523', '874872721761625600', 'a8ca9e63-2d55-4259-9921-d5d5551b8f8b', 'Video 7 for tech_guru #tiktok', 'https://picsum.photos/seed/874872721761625600/300/500', 'https://www.tiktok.com/@tech_guru/video/874872721761625600', 444016, 65863, 3345, 3609, '2026-01-11T13:36:08.030Z', NOW(), NOW(), false, false, 0);
INSERT INTO public.tiktok_videos (id, video_id, account_id, description, cover_url, web_video_url, play_count, digg_count, comment_count, share_count, create_time, created_at, updated_at, is_ad, is_pinned, collect_count) VALUES ('c907bf4e-05b2-4b12-b756-a97bf5c9244a', '730532917675105300', 'a8ca9e63-2d55-4259-9921-d5d5551b8f8b', 'Video 8 for tech_guru #tiktok', 'https://picsum.photos/seed/730532917675105300/300/500', 'https://www.tiktok.com/@tech_guru/video/730532917675105300', 35305, 3975, 214, 429, '2026-01-08T13:36:08.030Z', NOW(), NOW(), false, false, 0);
INSERT INTO public.tiktok_videos (id, video_id, account_id, description, cover_url, web_video_url, play_count, digg_count, comment_count, share_count, create_time, created_at, updated_at, is_ad, is_pinned, collect_count) VALUES ('a9ec77bd-edbc-45a2-8b4d-4c368f40985e', '298777492414231700', 'a8ca9e63-2d55-4259-9921-d5d5551b8f8b', 'Video 9 for tech_guru #tiktok', 'https://picsum.photos/seed/298777492414231700/300/500', 'https://www.tiktok.com/@tech_guru/video/298777492414231700', 359280, 51691, 2058, 4899, '2026-01-21T13:36:08.030Z', NOW(), NOW(), false, false, 0);
INSERT INTO public.tiktok_videos (id, video_id, account_id, description, cover_url, web_video_url, play_count, digg_count, comment_count, share_count, create_time, created_at, updated_at, is_ad, is_pinned, collect_count) VALUES ('753c2cb7-38a9-4725-b2f1-fb2270b65576', '843779087384464100', 'a8ca9e63-2d55-4259-9921-d5d5551b8f8b', 'Video 10 for tech_guru #tiktok', 'https://picsum.photos/seed/843779087384464100/300/500', 'https://www.tiktok.com/@tech_guru/video/843779087384464100', 146444, 18124, 521, 1588, '2026-01-07T13:36:08.030Z', NOW(), NOW(), false, false, 0);
INSERT INTO public.daily_snapshots (id, account_id, date, total_views, total_likes, total_comments, total_shares, video_count, created_at) VALUES ('1dc54b5d-5713-434a-8191-874753afb30c', 'a8ca9e63-2d55-4259-9921-d5d5551b8f8b', '2026-01-02', 1324225, 141227, 8709, 14460, 6, NOW());
INSERT INTO public.daily_snapshots (id, account_id, date, total_views, total_likes, total_comments, total_shares, video_count, created_at) VALUES ('ab3d8aad-1073-4a39-b27f-a8c677d7b635', 'a8ca9e63-2d55-4259-9921-d5d5551b8f8b', '2026-01-03', 1348821, 144004, 9065, 14739, 5, NOW());
INSERT INTO public.daily_snapshots (id, account_id, date, total_views, total_likes, total_comments, total_shares, video_count, created_at) VALUES ('a932ce3b-cbfe-4030-ba6e-fef241b35a31', 'a8ca9e63-2d55-4259-9921-d5d5551b8f8b', '2026-01-04', 1370371, 148103, 9347, 14991, 7, NOW());
INSERT INTO public.daily_snapshots (id, account_id, date, total_views, total_likes, total_comments, total_shares, video_count, created_at) VALUES ('89ff7076-224c-4ea7-aa3f-ea92bedc9401', 'a8ca9e63-2d55-4259-9921-d5d5551b8f8b', '2026-01-05', 1403314, 152694, 9625, 15236, 8, NOW());
INSERT INTO public.daily_snapshots (id, account_id, date, total_views, total_likes, total_comments, total_shares, video_count, created_at) VALUES ('bf44901d-44aa-40fd-b3d0-dd041bfca973', 'a8ca9e63-2d55-4259-9921-d5d5551b8f8b', '2026-01-06', 1431659, 159475, 9774, 15849, 13, NOW());
INSERT INTO public.daily_snapshots (id, account_id, date, total_views, total_likes, total_comments, total_shares, video_count, created_at) VALUES ('396a93d7-169c-4613-9077-c08879dae53a', 'a8ca9e63-2d55-4259-9921-d5d5551b8f8b', '2026-01-07', 1462014, 164128, 10130, 16429, 7, NOW());
INSERT INTO public.daily_snapshots (id, account_id, date, total_views, total_likes, total_comments, total_shares, video_count, created_at) VALUES ('8a9e3c74-9ec1-481a-b3c2-fe2090dc4da9', 'a8ca9e63-2d55-4259-9921-d5d5551b8f8b', '2026-01-08', 1524593, 167781, 10319, 17001, 14, NOW());
INSERT INTO public.daily_snapshots (id, account_id, date, total_views, total_likes, total_comments, total_shares, video_count, created_at) VALUES ('1ae33983-1842-40a0-8b08-2ddd31869866', 'a8ca9e63-2d55-4259-9921-d5d5551b8f8b', '2026-01-09', 1561186, 172024, 10515, 17539, 5, NOW());
INSERT INTO public.daily_snapshots (id, account_id, date, total_views, total_likes, total_comments, total_shares, video_count, created_at) VALUES ('c891d408-a413-454a-9717-28b7f4b5573f', 'a8ca9e63-2d55-4259-9921-d5d5551b8f8b', '2026-01-10', 1598249, 177745, 10772, 17862, 11, NOW());
INSERT INTO public.daily_snapshots (id, account_id, date, total_views, total_likes, total_comments, total_shares, video_count, created_at) VALUES ('7c98acdc-6acb-476b-83c3-f00084931c34', 'a8ca9e63-2d55-4259-9921-d5d5551b8f8b', '2026-01-11', 1629104, 180382, 11152, 18137, 8, NOW());
INSERT INTO public.daily_snapshots (id, account_id, date, total_views, total_likes, total_comments, total_shares, video_count, created_at) VALUES ('da0a2ab2-06c6-4dc8-813a-ab33deccb0c9', 'a8ca9e63-2d55-4259-9921-d5d5551b8f8b', '2026-01-12', 1678176, 183346, 11356, 18651, 5, NOW());
INSERT INTO public.daily_snapshots (id, account_id, date, total_views, total_likes, total_comments, total_shares, video_count, created_at) VALUES ('daba7ccd-4d27-4b83-9a0d-b49ad22923a0', 'a8ca9e63-2d55-4259-9921-d5d5551b8f8b', '2026-01-13', 1742379, 189104, 11513, 18922, 13, NOW());
INSERT INTO public.daily_snapshots (id, account_id, date, total_views, total_likes, total_comments, total_shares, video_count, created_at) VALUES ('fa1949ff-9a6d-4266-b20e-ade69ad17bf3', 'a8ca9e63-2d55-4259-9921-d5d5551b8f8b', '2026-01-14', 1772568, 194737, 11846, 19199, 8, NOW());
INSERT INTO public.daily_snapshots (id, account_id, date, total_views, total_likes, total_comments, total_shares, video_count, created_at) VALUES ('c5768324-7c00-4f29-8a2e-f57919ab9962', 'a8ca9e63-2d55-4259-9921-d5d5551b8f8b', '2026-01-15', 1831966, 200265, 12138, 19659, 9, NOW());
INSERT INTO public.daily_snapshots (id, account_id, date, total_views, total_likes, total_comments, total_shares, video_count, created_at) VALUES ('50587895-320e-4569-b802-ea533e293c32', 'a8ca9e63-2d55-4259-9921-d5d5551b8f8b', '2026-01-16', 1889108, 204212, 12498, 20153, 8, NOW());
INSERT INTO public.daily_snapshots (id, account_id, date, total_views, total_likes, total_comments, total_shares, video_count, created_at) VALUES ('e6483e77-d176-4f73-8418-11edeb743225', 'a8ca9e63-2d55-4259-9921-d5d5551b8f8b', '2026-01-17', 1939582, 208170, 12755, 20601, 14, NOW());
INSERT INTO public.daily_snapshots (id, account_id, date, total_views, total_likes, total_comments, total_shares, video_count, created_at) VALUES ('6fc44315-ac18-44d2-8fa2-3c8aee65f94b', 'a8ca9e63-2d55-4259-9921-d5d5551b8f8b', '2026-01-18', 1962672, 212284, 13041, 21138, 10, NOW());
INSERT INTO public.daily_snapshots (id, account_id, date, total_views, total_likes, total_comments, total_shares, video_count, created_at) VALUES ('97b42caf-8c12-4803-9867-84be0e4775a2', 'a8ca9e63-2d55-4259-9921-d5d5551b8f8b', '2026-01-19', 2025778, 215522, 13202, 21654, 7, NOW());
INSERT INTO public.daily_snapshots (id, account_id, date, total_views, total_likes, total_comments, total_shares, video_count, created_at) VALUES ('51bda050-6169-4d4c-b331-c83143136c88', 'a8ca9e63-2d55-4259-9921-d5d5551b8f8b', '2026-01-20', 2077572, 219926, 13398, 21953, 6, NOW());
INSERT INTO public.daily_snapshots (id, account_id, date, total_views, total_likes, total_comments, total_shares, video_count, created_at) VALUES ('39b2ad0a-0640-4df9-8ced-a426e4ca3b6e', 'a8ca9e63-2d55-4259-9921-d5d5551b8f8b', '2026-01-21', 2135639, 222312, 13614, 22610, 14, NOW());
INSERT INTO public.daily_snapshots (id, account_id, date, total_views, total_likes, total_comments, total_shares, video_count, created_at) VALUES ('e6a51a7a-703d-4bf5-b0e0-1c518b88dffc', 'a8ca9e63-2d55-4259-9921-d5d5551b8f8b', '2026-01-22', 2175056, 225249, 13818, 22982, 8, NOW());
INSERT INTO public.daily_snapshots (id, account_id, date, total_views, total_likes, total_comments, total_shares, video_count, created_at) VALUES ('38fa7270-1b75-4934-89a8-368612826806', 'a8ca9e63-2d55-4259-9921-d5d5551b8f8b', '2026-01-23', 2210064, 230420, 13980, 23282, 9, NOW());
INSERT INTO public.daily_snapshots (id, account_id, date, total_views, total_likes, total_comments, total_shares, video_count, created_at) VALUES ('fa33a498-f246-4b34-9127-ec2f8201858a', 'a8ca9e63-2d55-4259-9921-d5d5551b8f8b', '2026-01-24', 2256241, 233365, 14183, 23578, 7, NOW());
INSERT INTO public.daily_snapshots (id, account_id, date, total_views, total_likes, total_comments, total_shares, video_count, created_at) VALUES ('a282dbcd-a315-4955-ae66-c6da6eaa9a5d', 'a8ca9e63-2d55-4259-9921-d5d5551b8f8b', '2026-01-25', 2280852, 235894, 14332, 23966, 9, NOW());
INSERT INTO public.daily_snapshots (id, account_id, date, total_views, total_likes, total_comments, total_shares, video_count, created_at) VALUES ('3938783e-340e-4c24-9409-c910fde7f8fe', 'a8ca9e63-2d55-4259-9921-d5d5551b8f8b', '2026-01-26', 2327570, 239474, 14716, 24513, 10, NOW());
INSERT INTO public.daily_snapshots (id, account_id, date, total_views, total_likes, total_comments, total_shares, video_count, created_at) VALUES ('fbc8e15f-5a69-4449-8308-11fefc574d10', 'a8ca9e63-2d55-4259-9921-d5d5551b8f8b', '2026-01-27', 2367617, 244303, 14968, 25097, 13, NOW());
INSERT INTO public.daily_snapshots (id, account_id, date, total_views, total_likes, total_comments, total_shares, video_count, created_at) VALUES ('3700ee62-8f60-4064-b28f-184e400591bd', 'a8ca9e63-2d55-4259-9921-d5d5551b8f8b', '2026-01-28', 2420895, 250829, 15258, 25691, 5, NOW());
INSERT INTO public.daily_snapshots (id, account_id, date, total_views, total_likes, total_comments, total_shares, video_count, created_at) VALUES ('94e90e1d-0326-4763-92b9-81fcfdcb5a76', 'a8ca9e63-2d55-4259-9921-d5d5551b8f8b', '2026-01-29', 2471967, 257263, 15658, 26099, 5, NOW());
INSERT INTO public.daily_snapshots (id, account_id, date, total_views, total_likes, total_comments, total_shares, video_count, created_at) VALUES ('a7bab13a-ecc2-4d19-a976-23739d196637', 'a8ca9e63-2d55-4259-9921-d5d5551b8f8b', '2026-01-30', 2510992, 261035, 15953, 26462, 9, NOW());
INSERT INTO public.daily_snapshots (id, account_id, date, total_views, total_likes, total_comments, total_shares, video_count, created_at) VALUES ('28e549d0-5e56-4805-9f73-f1502e51fd29', 'a8ca9e63-2d55-4259-9921-d5d5551b8f8b', '2026-01-31', 2539193, 267348, 16105, 26796, 10, NOW());
INSERT INTO public.tiktok_accounts (id, username, nickname, avatar_url, follower_count, following_count, heart_count, video_count, is_active, created_at) VALUES ('dbb0e9ed-a98f-461a-9a6a-2267a16f9339', 'daily_vlogs', 'Daily Vlogs', 'https://api.dicebear.com/7.x/avataaars/svg?seed=daily_vlogs', 244385, 368, 150474, 55, true, NOW());
INSERT INTO public.tiktok_videos (id, video_id, account_id, description, cover_url, web_video_url, play_count, digg_count, comment_count, share_count, create_time, created_at, updated_at, is_ad, is_pinned, collect_count) VALUES ('a51aaa19-1abd-412a-91c7-e743e056f391', '236099726039215260', 'dbb0e9ed-a98f-461a-9a6a-2267a16f9339', 'Video 1 for daily_vlogs #tiktok', 'https://picsum.photos/seed/236099726039215260/300/500', 'https://www.tiktok.com/@daily_vlogs/video/236099726039215260', 316998, 46380, 1889, 2503, '2026-01-24T13:36:08.030Z', NOW(), NOW(), false, false, 0);
INSERT INTO public.tiktok_videos (id, video_id, account_id, description, cover_url, web_video_url, play_count, digg_count, comment_count, share_count, create_time, created_at, updated_at, is_ad, is_pinned, collect_count) VALUES ('61ca5d06-9823-4690-ad04-104f608d68c9', '676193779187639700', 'dbb0e9ed-a98f-461a-9a6a-2267a16f9339', 'Video 2 for daily_vlogs #tiktok', 'https://picsum.photos/seed/676193779187639700/300/500', 'https://www.tiktok.com/@daily_vlogs/video/676193779187639700', 183725, 18929, 500, 2852, '2026-01-03T13:36:08.030Z', NOW(), NOW(), false, false, 0);
INSERT INTO public.tiktok_videos (id, video_id, account_id, description, cover_url, web_video_url, play_count, digg_count, comment_count, share_count, create_time, created_at, updated_at, is_ad, is_pinned, collect_count) VALUES ('a052d83c-c076-4765-9f9a-036c5f47ef2d', '198642450886583040', 'dbb0e9ed-a98f-461a-9a6a-2267a16f9339', 'Video 3 for daily_vlogs #tiktok', 'https://picsum.photos/seed/198642450886583040/300/500', 'https://www.tiktok.com/@daily_vlogs/video/198642450886583040', 134181, 7579, 702, 954, '2026-01-02T13:36:08.030Z', NOW(), NOW(), false, false, 0);
INSERT INTO public.tiktok_videos (id, video_id, account_id, description, cover_url, web_video_url, play_count, digg_count, comment_count, share_count, create_time, created_at, updated_at, is_ad, is_pinned, collect_count) VALUES ('c9e27894-2aa2-4030-bf12-b03f936e2fe3', '435944951000234430', 'dbb0e9ed-a98f-461a-9a6a-2267a16f9339', 'Video 4 for daily_vlogs #tiktok', 'https://picsum.photos/seed/435944951000234430/300/500', 'https://www.tiktok.com/@daily_vlogs/video/435944951000234430', 92560, 7017, 662, 1905, '2026-01-07T13:36:08.030Z', NOW(), NOW(), false, false, 0);
INSERT INTO public.tiktok_videos (id, video_id, account_id, description, cover_url, web_video_url, play_count, digg_count, comment_count, share_count, create_time, created_at, updated_at, is_ad, is_pinned, collect_count) VALUES ('a6439fcc-ce67-4b92-a1ab-023f7e905c7c', '475527420061937400', 'dbb0e9ed-a98f-461a-9a6a-2267a16f9339', 'Video 5 for daily_vlogs #tiktok', 'https://picsum.photos/seed/475527420061937400/300/500', 'https://www.tiktok.com/@daily_vlogs/video/475527420061937400', 250037, 22355, 993, 3225, '2026-01-27T13:36:08.030Z', NOW(), NOW(), false, false, 0);
INSERT INTO public.tiktok_videos (id, video_id, account_id, description, cover_url, web_video_url, play_count, digg_count, comment_count, share_count, create_time, created_at, updated_at, is_ad, is_pinned, collect_count) VALUES ('0e996f4a-f504-4575-b463-2c2713efac1d', '193012701871140960', 'dbb0e9ed-a98f-461a-9a6a-2267a16f9339', 'Video 6 for daily_vlogs #tiktok', 'https://picsum.photos/seed/193012701871140960/300/500', 'https://www.tiktok.com/@daily_vlogs/video/193012701871140960', 246389, 30360, 651, 3706, '2026-01-25T13:36:08.030Z', NOW(), NOW(), false, false, 0);
INSERT INTO public.tiktok_videos (id, video_id, account_id, description, cover_url, web_video_url, play_count, digg_count, comment_count, share_count, create_time, created_at, updated_at, is_ad, is_pinned, collect_count) VALUES ('f5357d36-93fb-4f74-8f35-38e020859942', '393315671521382700', 'dbb0e9ed-a98f-461a-9a6a-2267a16f9339', 'Video 7 for daily_vlogs #tiktok', 'https://picsum.photos/seed/393315671521382700/300/500', 'https://www.tiktok.com/@daily_vlogs/video/393315671521382700', 36833, 4964, 208, 113, '2026-01-10T13:36:08.030Z', NOW(), NOW(), false, false, 0);
INSERT INTO public.tiktok_videos (id, video_id, account_id, description, cover_url, web_video_url, play_count, digg_count, comment_count, share_count, create_time, created_at, updated_at, is_ad, is_pinned, collect_count) VALUES ('9f55000d-e035-4cd1-addc-4bc68583160f', '568929432203386560', 'dbb0e9ed-a98f-461a-9a6a-2267a16f9339', 'Video 8 for daily_vlogs #tiktok', 'https://picsum.photos/seed/568929432203386560/300/500', 'https://www.tiktok.com/@daily_vlogs/video/568929432203386560', 315667, 16936, 3210, 3432, '2026-01-06T13:36:08.030Z', NOW(), NOW(), false, false, 0);
INSERT INTO public.tiktok_videos (id, video_id, account_id, description, cover_url, web_video_url, play_count, digg_count, comment_count, share_count, create_time, created_at, updated_at, is_ad, is_pinned, collect_count) VALUES ('65e0622e-1e45-4162-b123-d804971afcfd', '423435088601877400', 'dbb0e9ed-a98f-461a-9a6a-2267a16f9339', 'Video 9 for daily_vlogs #tiktok', 'https://picsum.photos/seed/423435088601877400/300/500', 'https://www.tiktok.com/@daily_vlogs/video/423435088601877400', 373440, 35992, 2008, 3608, '2026-01-20T13:36:08.030Z', NOW(), NOW(), false, false, 0);
INSERT INTO public.tiktok_videos (id, video_id, account_id, description, cover_url, web_video_url, play_count, digg_count, comment_count, share_count, create_time, created_at, updated_at, is_ad, is_pinned, collect_count) VALUES ('0b3ba986-e994-46c5-9e57-b78b6b4a6dcc', '298641600905244600', 'dbb0e9ed-a98f-461a-9a6a-2267a16f9339', 'Video 10 for daily_vlogs #tiktok', 'https://picsum.photos/seed/298641600905244600/300/500', 'https://www.tiktok.com/@daily_vlogs/video/298641600905244600', 53605, 6810, 440, 1002, '2026-01-10T13:36:08.030Z', NOW(), NOW(), false, false, 0);
INSERT INTO public.daily_snapshots (id, account_id, date, total_views, total_likes, total_comments, total_shares, video_count, created_at) VALUES ('2a0506b0-5fe5-4232-80b6-8d3d1e0ff8eb', 'dbb0e9ed-a98f-461a-9a6a-2267a16f9339', '2026-01-02', 1037210, 102665, 5753, 12091, 5, NOW());
INSERT INTO public.daily_snapshots (id, account_id, date, total_views, total_likes, total_comments, total_shares, video_count, created_at) VALUES ('b52f02fa-10eb-4f3b-a2cb-3ad2e0c7879a', 'dbb0e9ed-a98f-461a-9a6a-2267a16f9339', '2026-01-03', 1060581, 104673, 5860, 12306, 15, NOW());
INSERT INTO public.daily_snapshots (id, account_id, date, total_views, total_likes, total_comments, total_shares, video_count, created_at) VALUES ('aa8759f1-f7da-44f6-93ed-db532b0f7221', 'dbb0e9ed-a98f-461a-9a6a-2267a16f9339', '2026-01-04', 1086203, 108258, 5991, 12769, 9, NOW());
INSERT INTO public.daily_snapshots (id, account_id, date, total_views, total_likes, total_comments, total_shares, video_count, created_at) VALUES ('5979e9bc-5192-4aaf-ae4f-34eabb435f1b', 'dbb0e9ed-a98f-461a-9a6a-2267a16f9339', '2026-01-05', 1135676, 112503, 6089, 13338, 6, NOW());
INSERT INTO public.daily_snapshots (id, account_id, date, total_views, total_likes, total_comments, total_shares, video_count, created_at) VALUES ('5629be0c-ae08-41a4-a9bb-24d408dbc4fe', 'dbb0e9ed-a98f-461a-9a6a-2267a16f9339', '2026-01-06', 1183490, 114310, 6227, 13862, 5, NOW());
INSERT INTO public.daily_snapshots (id, account_id, date, total_views, total_likes, total_comments, total_shares, video_count, created_at) VALUES ('d2731f68-ee0f-4d0f-91e2-ac7d8e2f522c', 'dbb0e9ed-a98f-461a-9a6a-2267a16f9339', '2026-01-07', 1202553, 117570, 6419, 14330, 8, NOW());
INSERT INTO public.daily_snapshots (id, account_id, date, total_views, total_likes, total_comments, total_shares, video_count, created_at) VALUES ('94c58e35-d354-4dfd-a1fd-36c6815d2d70', 'dbb0e9ed-a98f-461a-9a6a-2267a16f9339', '2026-01-08', 1237106, 120178, 6555, 14878, 7, NOW());
INSERT INTO public.daily_snapshots (id, account_id, date, total_views, total_likes, total_comments, total_shares, video_count, created_at) VALUES ('15c139f8-7cf8-4d28-8731-b4060d80c77a', 'dbb0e9ed-a98f-461a-9a6a-2267a16f9339', '2026-01-09', 1271797, 124074, 6726, 15184, 15, NOW());
INSERT INTO public.daily_snapshots (id, account_id, date, total_views, total_likes, total_comments, total_shares, video_count, created_at) VALUES ('f5306e18-629f-4009-9d82-5cd3ec4dc5df', 'dbb0e9ed-a98f-461a-9a6a-2267a16f9339', '2026-01-10', 1301993, 126465, 6916, 15507, 12, NOW());
INSERT INTO public.daily_snapshots (id, account_id, date, total_views, total_likes, total_comments, total_shares, video_count, created_at) VALUES ('7425c2cf-c429-482a-9639-4b2d20e0ce2d', 'dbb0e9ed-a98f-461a-9a6a-2267a16f9339', '2026-01-11', 1326899, 130642, 7051, 15977, 5, NOW());
INSERT INTO public.daily_snapshots (id, account_id, date, total_views, total_likes, total_comments, total_shares, video_count, created_at) VALUES ('d1aeb0f5-248b-41fe-b3c7-eb3d3e3a3503', 'dbb0e9ed-a98f-461a-9a6a-2267a16f9339', '2026-01-12', 1354590, 133073, 7295, 16416, 12, NOW());
INSERT INTO public.daily_snapshots (id, account_id, date, total_views, total_likes, total_comments, total_shares, video_count, created_at) VALUES ('49bdebb0-3c56-45a4-96ee-24f071295f56', 'dbb0e9ed-a98f-461a-9a6a-2267a16f9339', '2026-01-13', 1389504, 137432, 7492, 16792, 8, NOW());
INSERT INTO public.daily_snapshots (id, account_id, date, total_views, total_likes, total_comments, total_shares, video_count, created_at) VALUES ('08a71517-cad0-4a9c-9400-19e6547046e3', 'dbb0e9ed-a98f-461a-9a6a-2267a16f9339', '2026-01-14', 1430745, 142079, 7688, 17290, 7, NOW());
INSERT INTO public.daily_snapshots (id, account_id, date, total_views, total_likes, total_comments, total_shares, video_count, created_at) VALUES ('eaeec6e9-f645-405f-9fdc-6aeba7bb85bc', 'dbb0e9ed-a98f-461a-9a6a-2267a16f9339', '2026-01-15', 1461369, 144147, 7854, 17823, 14, NOW());
INSERT INTO public.daily_snapshots (id, account_id, date, total_views, total_likes, total_comments, total_shares, video_count, created_at) VALUES ('5609b9cd-a961-42fa-b626-149910d2207a', 'dbb0e9ed-a98f-461a-9a6a-2267a16f9339', '2026-01-16', 1503045, 148212, 7991, 18357, 6, NOW());
INSERT INTO public.daily_snapshots (id, account_id, date, total_views, total_likes, total_comments, total_shares, video_count, created_at) VALUES ('26991e71-9efa-45c5-a256-f3f9b5663557', 'dbb0e9ed-a98f-461a-9a6a-2267a16f9339', '2026-01-17', 1551292, 151884, 8098, 18652, 6, NOW());
INSERT INTO public.daily_snapshots (id, account_id, date, total_views, total_likes, total_comments, total_shares, video_count, created_at) VALUES ('2276dcba-fc70-4e1c-b828-892cf20ae768', 'dbb0e9ed-a98f-461a-9a6a-2267a16f9339', '2026-01-18', 1580489, 153983, 8351, 19057, 13, NOW());
INSERT INTO public.daily_snapshots (id, account_id, date, total_views, total_likes, total_comments, total_shares, video_count, created_at) VALUES ('d9fd44f1-d8a6-47fa-b238-3c1f72b0de1f', 'dbb0e9ed-a98f-461a-9a6a-2267a16f9339', '2026-01-19', 1626683, 157905, 8582, 19314, 11, NOW());
INSERT INTO public.daily_snapshots (id, account_id, date, total_views, total_likes, total_comments, total_shares, video_count, created_at) VALUES ('01e6a986-5ab5-4adf-9312-af9e76aa8888', 'dbb0e9ed-a98f-461a-9a6a-2267a16f9339', '2026-01-20', 1671430, 159897, 8816, 19580, 10, NOW());
INSERT INTO public.daily_snapshots (id, account_id, date, total_views, total_likes, total_comments, total_shares, video_count, created_at) VALUES ('5cecee5b-1375-43f6-83cc-f632410db963', 'dbb0e9ed-a98f-461a-9a6a-2267a16f9339', '2026-01-21', 1707976, 163072, 9082, 20124, 7, NOW());
INSERT INTO public.daily_snapshots (id, account_id, date, total_views, total_likes, total_comments, total_shares, video_count, created_at) VALUES ('b59a4eef-6ec3-45d8-8b03-d455b1af1e32', 'dbb0e9ed-a98f-461a-9a6a-2267a16f9339', '2026-01-22', 1757496, 167917, 9280, 20647, 5, NOW());
INSERT INTO public.daily_snapshots (id, account_id, date, total_views, total_likes, total_comments, total_shares, video_count, created_at) VALUES ('1a814625-329c-4bb7-8f23-040fd7eabe22', 'dbb0e9ed-a98f-461a-9a6a-2267a16f9339', '2026-01-23', 1792518, 171995, 9445, 21212, 10, NOW());
INSERT INTO public.daily_snapshots (id, account_id, date, total_views, total_likes, total_comments, total_shares, video_count, created_at) VALUES ('a905b7b8-28cc-4a68-90b5-706bc5577d76', 'dbb0e9ed-a98f-461a-9a6a-2267a16f9339', '2026-01-24', 1840092, 173981, 9567, 21693, 7, NOW());
INSERT INTO public.daily_snapshots (id, account_id, date, total_views, total_likes, total_comments, total_shares, video_count, created_at) VALUES ('0ad215ab-b1c3-4821-a2e2-7ce3a3e38fa2', 'dbb0e9ed-a98f-461a-9a6a-2267a16f9339', '2026-01-25', 1874181, 177776, 9836, 22068, 15, NOW());
INSERT INTO public.daily_snapshots (id, account_id, date, total_views, total_likes, total_comments, total_shares, video_count, created_at) VALUES ('6a309215-8ef1-47ad-897a-bc8b6a408b86', 'dbb0e9ed-a98f-461a-9a6a-2267a16f9339', '2026-01-26', 1911423, 181915, 9972, 22638, 9, NOW());
INSERT INTO public.daily_snapshots (id, account_id, date, total_views, total_likes, total_comments, total_shares, video_count, created_at) VALUES ('07a90d52-9bbc-4b55-9665-f3a351ceb4f6', 'dbb0e9ed-a98f-461a-9a6a-2267a16f9339', '2026-01-27', 1958765, 185461, 10177, 22841, 5, NOW());
INSERT INTO public.daily_snapshots (id, account_id, date, total_views, total_likes, total_comments, total_shares, video_count, created_at) VALUES ('5e3a1fcf-dbc9-4d1a-8ead-f6585dabb7b2', 'dbb0e9ed-a98f-461a-9a6a-2267a16f9339', '2026-01-28', 1977359, 188521, 10444, 23336, 7, NOW());
INSERT INTO public.daily_snapshots (id, account_id, date, total_views, total_likes, total_comments, total_shares, video_count, created_at) VALUES ('71074fa2-fa19-4b23-a07e-800ac279fb33', 'dbb0e9ed-a98f-461a-9a6a-2267a16f9339', '2026-01-29', 2014536, 191491, 10695, 23797, 15, NOW());
INSERT INTO public.daily_snapshots (id, account_id, date, total_views, total_likes, total_comments, total_shares, video_count, created_at) VALUES ('fdf1e303-7e87-45dc-a048-6bf65c20dca3', 'dbb0e9ed-a98f-461a-9a6a-2267a16f9339', '2026-01-30', 2032160, 194498, 10899, 24053, 6, NOW());
INSERT INTO public.daily_snapshots (id, account_id, date, total_views, total_likes, total_comments, total_shares, video_count, created_at) VALUES ('29df034b-ce1c-4cdf-a25a-3a9902d92aaf', 'dbb0e9ed-a98f-461a-9a6a-2267a16f9339', '2026-01-31', 2073285, 197537, 11123, 24557, 13, NOW());
INSERT INTO public.tiktok_accounts (id, username, nickname, avatar_url, follower_count, following_count, heart_count, video_count, is_active, created_at) VALUES ('3e180276-522c-4dc6-9ba7-7f2827ac8d19', 'foodie_heaven', 'Foodie Heaven', 'https://api.dicebear.com/7.x/avataaars/svg?seed=foodie_heaven', 284728, 264, 141235, 111, true, NOW());
INSERT INTO public.tiktok_videos (id, video_id, account_id, description, cover_url, web_video_url, play_count, digg_count, comment_count, share_count, create_time, created_at, updated_at, is_ad, is_pinned, collect_count) VALUES ('74040dae-ba0f-4a16-a2fb-5e85e353ad56', '169048368842914530', '3e180276-522c-4dc6-9ba7-7f2827ac8d19', 'Video 1 for foodie_heaven #tiktok', 'https://picsum.photos/seed/169048368842914530/300/500', 'https://www.tiktok.com/@foodie_heaven/video/169048368842914530', 213300, 12014, 538, 4050, '2026-01-08T13:36:08.030Z', NOW(), NOW(), false, false, 0);
INSERT INTO public.tiktok_videos (id, video_id, account_id, description, cover_url, web_video_url, play_count, digg_count, comment_count, share_count, create_time, created_at, updated_at, is_ad, is_pinned, collect_count) VALUES ('12ca49ae-c2e7-4362-93e0-9bec61df06d5', '86139421562451020', '3e180276-522c-4dc6-9ba7-7f2827ac8d19', 'Video 2 for foodie_heaven #tiktok', 'https://picsum.photos/seed/86139421562451020/300/500', 'https://www.tiktok.com/@foodie_heaven/video/86139421562451020', 417388, 31324, 1757, 2204, '2026-01-21T13:36:08.030Z', NOW(), NOW(), false, false, 0);
INSERT INTO public.tiktok_videos (id, video_id, account_id, description, cover_url, web_video_url, play_count, digg_count, comment_count, share_count, create_time, created_at, updated_at, is_ad, is_pinned, collect_count) VALUES ('d2c6fb7c-f019-432d-8b99-22dea22a9ca2', '31924417610123436', '3e180276-522c-4dc6-9ba7-7f2827ac8d19', 'Video 3 for foodie_heaven #tiktok', 'https://picsum.photos/seed/31924417610123436/300/500', 'https://www.tiktok.com/@foodie_heaven/video/31924417610123436', 112189, 8360, 805, 558, '2026-01-09T13:36:08.030Z', NOW(), NOW(), false, false, 0);
INSERT INTO public.tiktok_videos (id, video_id, account_id, description, cover_url, web_video_url, play_count, digg_count, comment_count, share_count, create_time, created_at, updated_at, is_ad, is_pinned, collect_count) VALUES ('da43c984-129b-4ff8-93f4-aa056ec25c83', '25330503832220240', '3e180276-522c-4dc6-9ba7-7f2827ac8d19', 'Video 4 for foodie_heaven #tiktok', 'https://picsum.photos/seed/25330503832220240/300/500', 'https://www.tiktok.com/@foodie_heaven/video/25330503832220240', 103514, 6015, 146, 1352, '2026-01-08T13:36:08.030Z', NOW(), NOW(), false, false, 0);
INSERT INTO public.tiktok_videos (id, video_id, account_id, description, cover_url, web_video_url, play_count, digg_count, comment_count, share_count, create_time, created_at, updated_at, is_ad, is_pinned, collect_count) VALUES ('898260be-daed-451c-8612-006d8ec3023a', '38193654748768020', '3e180276-522c-4dc6-9ba7-7f2827ac8d19', 'Video 5 for foodie_heaven #tiktok', 'https://picsum.photos/seed/38193654748768020/300/500', 'https://www.tiktok.com/@foodie_heaven/video/38193654748768020', 455935, 25187, 2099, 4640, '2026-01-03T13:36:08.030Z', NOW(), NOW(), false, false, 0);
INSERT INTO public.tiktok_videos (id, video_id, account_id, description, cover_url, web_video_url, play_count, digg_count, comment_count, share_count, create_time, created_at, updated_at, is_ad, is_pinned, collect_count) VALUES ('50998eb2-939f-4fee-af3c-0a77b7670ba8', '149882085340505280', '3e180276-522c-4dc6-9ba7-7f2827ac8d19', 'Video 6 for foodie_heaven #tiktok', 'https://picsum.photos/seed/149882085340505280/300/500', 'https://www.tiktok.com/@foodie_heaven/video/149882085340505280', 294110, 32024, 2853, 743, '2026-01-03T13:36:08.030Z', NOW(), NOW(), false, false, 0);
INSERT INTO public.tiktok_videos (id, video_id, account_id, description, cover_url, web_video_url, play_count, digg_count, comment_count, share_count, create_time, created_at, updated_at, is_ad, is_pinned, collect_count) VALUES ('0ec205c4-9f1c-4251-8644-6fdb4e5a7374', '592680496621220900', '3e180276-522c-4dc6-9ba7-7f2827ac8d19', 'Video 7 for foodie_heaven #tiktok', 'https://picsum.photos/seed/592680496621220900/300/500', 'https://www.tiktok.com/@foodie_heaven/video/592680496621220900', 499146, 45905, 4116, 6549, '2026-01-15T13:36:08.030Z', NOW(), NOW(), false, false, 0);
INSERT INTO public.tiktok_videos (id, video_id, account_id, description, cover_url, web_video_url, play_count, digg_count, comment_count, share_count, create_time, created_at, updated_at, is_ad, is_pinned, collect_count) VALUES ('a071cd14-77d9-4126-bf7c-1785ab6cc25a', '456887285371117440', '3e180276-522c-4dc6-9ba7-7f2827ac8d19', 'Video 8 for foodie_heaven #tiktok', 'https://picsum.photos/seed/456887285371117440/300/500', 'https://www.tiktok.com/@foodie_heaven/video/456887285371117440', 461884, 58270, 784, 5002, '2026-01-08T13:36:08.030Z', NOW(), NOW(), false, false, 0);
INSERT INTO public.tiktok_videos (id, video_id, account_id, description, cover_url, web_video_url, play_count, digg_count, comment_count, share_count, create_time, created_at, updated_at, is_ad, is_pinned, collect_count) VALUES ('ea8d7739-44a9-4f89-aeaf-d1879604a8eb', '649413799034353700', '3e180276-522c-4dc6-9ba7-7f2827ac8d19', 'Video 9 for foodie_heaven #tiktok', 'https://picsum.photos/seed/649413799034353700/300/500', 'https://www.tiktok.com/@foodie_heaven/video/649413799034353700', 344909, 18243, 1449, 386, '2026-01-09T13:36:08.030Z', NOW(), NOW(), false, false, 0);
INSERT INTO public.tiktok_videos (id, video_id, account_id, description, cover_url, web_video_url, play_count, digg_count, comment_count, share_count, create_time, created_at, updated_at, is_ad, is_pinned, collect_count) VALUES ('25ab111d-c317-43e4-9b05-8db7b87a665e', '1086987659064564', '3e180276-522c-4dc6-9ba7-7f2827ac8d19', 'Video 10 for foodie_heaven #tiktok', 'https://picsum.photos/seed/1086987659064564/300/500', 'https://www.tiktok.com/@foodie_heaven/video/1086987659064564', 209727, 15310, 247, 1131, '2026-01-13T13:36:08.030Z', NOW(), NOW(), false, false, 0);
INSERT INTO public.daily_snapshots (id, account_id, date, total_views, total_likes, total_comments, total_shares, video_count, created_at) VALUES ('cd1a0ab9-f0df-443a-bfee-020d8771f128', '3e180276-522c-4dc6-9ba7-7f2827ac8d19', '2026-01-02', 1583362, 131820, 7727, 13884, 9, NOW());
INSERT INTO public.daily_snapshots (id, account_id, date, total_views, total_likes, total_comments, total_shares, video_count, created_at) VALUES ('8c25a50d-8b5a-4f8d-a6ec-9ce889190839', '3e180276-522c-4dc6-9ba7-7f2827ac8d19', '2026-01-03', 1658053, 136838, 7902, 14396, 7, NOW());
INSERT INTO public.daily_snapshots (id, account_id, date, total_views, total_likes, total_comments, total_shares, video_count, created_at) VALUES ('101f9701-6a9c-47a8-8e01-e37950c59374', '3e180276-522c-4dc6-9ba7-7f2827ac8d19', '2026-01-04', 1720780, 142707, 8035, 14960, 9, NOW());
INSERT INTO public.daily_snapshots (id, account_id, date, total_views, total_likes, total_comments, total_shares, video_count, created_at) VALUES ('e78d8481-18ab-4ee3-a7df-1d3dfeb38b8f', '3e180276-522c-4dc6-9ba7-7f2827ac8d19', '2026-01-05', 1778614, 145002, 8166, 15615, 13, NOW());
INSERT INTO public.daily_snapshots (id, account_id, date, total_views, total_likes, total_comments, total_shares, video_count, created_at) VALUES ('14f243c8-e7d3-4a67-8a82-16d83077c88e', '3e180276-522c-4dc6-9ba7-7f2827ac8d19', '2026-01-06', 1808978, 149499, 8364, 16188, 15, NOW());
INSERT INTO public.daily_snapshots (id, account_id, date, total_views, total_likes, total_comments, total_shares, video_count, created_at) VALUES ('c84aa66c-a83f-48a9-8e8a-aad435bde978', '3e180276-522c-4dc6-9ba7-7f2827ac8d19', '2026-01-07', 1846586, 154160, 8511, 16752, 9, NOW());
INSERT INTO public.daily_snapshots (id, account_id, date, total_views, total_likes, total_comments, total_shares, video_count, created_at) VALUES ('91be0f5d-fcac-4257-8d5b-2c6e93d8293d', '3e180276-522c-4dc6-9ba7-7f2827ac8d19', '2026-01-08', 1904014, 157501, 8861, 17183, 9, NOW());
INSERT INTO public.daily_snapshots (id, account_id, date, total_views, total_likes, total_comments, total_shares, video_count, created_at) VALUES ('9a19c960-cba9-4621-b9cf-bd79631e451c', '3e180276-522c-4dc6-9ba7-7f2827ac8d19', '2026-01-09', 1959860, 162189, 9180, 17554, 10, NOW());
INSERT INTO public.daily_snapshots (id, account_id, date, total_views, total_likes, total_comments, total_shares, video_count, created_at) VALUES ('bd2248e8-e4da-487e-b82a-b476c2d6a9fe', '3e180276-522c-4dc6-9ba7-7f2827ac8d19', '2026-01-10', 1990541, 164572, 9534, 18168, 13, NOW());
INSERT INTO public.daily_snapshots (id, account_id, date, total_views, total_likes, total_comments, total_shares, video_count, created_at) VALUES ('2d34c6ab-a500-4a5d-a323-b00045a3626a', '3e180276-522c-4dc6-9ba7-7f2827ac8d19', '2026-01-11', 2059947, 168315, 9685, 18793, 14, NOW());
INSERT INTO public.daily_snapshots (id, account_id, date, total_views, total_likes, total_comments, total_shares, video_count, created_at) VALUES ('d577d797-a368-4aea-a995-02d2dd04005e', '3e180276-522c-4dc6-9ba7-7f2827ac8d19', '2026-01-12', 2131909, 173235, 9945, 19154, 15, NOW());
INSERT INTO public.daily_snapshots (id, account_id, date, total_views, total_likes, total_comments, total_shares, video_count, created_at) VALUES ('facbf153-09e0-41e7-9877-814be9c1b91e', '3e180276-522c-4dc6-9ba7-7f2827ac8d19', '2026-01-13', 2163249, 179369, 10290, 19728, 11, NOW());
INSERT INTO public.daily_snapshots (id, account_id, date, total_views, total_likes, total_comments, total_shares, video_count, created_at) VALUES ('9f4c3315-97c1-405b-9732-fbea507d346f', '3e180276-522c-4dc6-9ba7-7f2827ac8d19', '2026-01-14', 2219448, 185326, 10429, 20147, 12, NOW());
INSERT INTO public.daily_snapshots (id, account_id, date, total_views, total_likes, total_comments, total_shares, video_count, created_at) VALUES ('0d81c67e-ef19-4cf7-99ec-0c054a50f61b', '3e180276-522c-4dc6-9ba7-7f2827ac8d19', '2026-01-15', 2275905, 190649, 10591, 20485, 13, NOW());
INSERT INTO public.daily_snapshots (id, account_id, date, total_views, total_likes, total_comments, total_shares, video_count, created_at) VALUES ('cd1da198-a039-473d-999e-38ccc75ade53', '3e180276-522c-4dc6-9ba7-7f2827ac8d19', '2026-01-16', 2326093, 193042, 10906, 20891, 10, NOW());
INSERT INTO public.daily_snapshots (id, account_id, date, total_views, total_likes, total_comments, total_shares, video_count, created_at) VALUES ('7faa231a-061f-4842-9011-6dfb9d4bf1c2', '3e180276-522c-4dc6-9ba7-7f2827ac8d19', '2026-01-17', 2370587, 199080, 11124, 21530, 7, NOW());
INSERT INTO public.daily_snapshots (id, account_id, date, total_views, total_likes, total_comments, total_shares, video_count, created_at) VALUES ('9103881c-cb48-40b4-aea9-ee7d268d3947', '3e180276-522c-4dc6-9ba7-7f2827ac8d19', '2026-01-18', 2438164, 204019, 11349, 22038, 14, NOW());
INSERT INTO public.daily_snapshots (id, account_id, date, total_views, total_likes, total_comments, total_shares, video_count, created_at) VALUES ('687db6cb-03dd-43e1-9e3b-99c666a23760', '3e180276-522c-4dc6-9ba7-7f2827ac8d19', '2026-01-19', 2508452, 209625, 11502, 22495, 6, NOW());
INSERT INTO public.daily_snapshots (id, account_id, date, total_views, total_likes, total_comments, total_shares, video_count, created_at) VALUES ('84647571-455c-41b7-9159-dd326eb0c8a5', '3e180276-522c-4dc6-9ba7-7f2827ac8d19', '2026-01-20', 2548439, 212617, 11804, 22896, 8, NOW());
INSERT INTO public.daily_snapshots (id, account_id, date, total_views, total_likes, total_comments, total_shares, video_count, created_at) VALUES ('7d0cd220-7842-4a37-8dd8-db74f107fb28', '3e180276-522c-4dc6-9ba7-7f2827ac8d19', '2026-01-21', 2620981, 215433, 12112, 23273, 11, NOW());
INSERT INTO public.daily_snapshots (id, account_id, date, total_views, total_likes, total_comments, total_shares, video_count, created_at) VALUES ('9666f22d-a272-41c4-8227-a8d07e95476f', '3e180276-522c-4dc6-9ba7-7f2827ac8d19', '2026-01-22', 2647208, 219053, 12244, 23596, 13, NOW());
INSERT INTO public.daily_snapshots (id, account_id, date, total_views, total_likes, total_comments, total_shares, video_count, created_at) VALUES ('31d4a1c6-9afe-45e3-95ca-85cd0d93f48c', '3e180276-522c-4dc6-9ba7-7f2827ac8d19', '2026-01-23', 2712707, 221264, 12603, 23821, 11, NOW());
INSERT INTO public.daily_snapshots (id, account_id, date, total_views, total_likes, total_comments, total_shares, video_count, created_at) VALUES ('de5fe4e4-ed3f-4302-b89f-4960bb4cfa06', '3e180276-522c-4dc6-9ba7-7f2827ac8d19', '2026-01-24', 2769678, 224664, 12739, 24259, 5, NOW());
INSERT INTO public.daily_snapshots (id, account_id, date, total_views, total_likes, total_comments, total_shares, video_count, created_at) VALUES ('7a50e744-8542-4872-9dac-e3be24eded5a', '3e180276-522c-4dc6-9ba7-7f2827ac8d19', '2026-01-25', 2814078, 228006, 12876, 24637, 14, NOW());
INSERT INTO public.daily_snapshots (id, account_id, date, total_views, total_likes, total_comments, total_shares, video_count, created_at) VALUES ('a304e94f-64cf-43b3-9a83-53a1c5a52a38', '3e180276-522c-4dc6-9ba7-7f2827ac8d19', '2026-01-26', 2862390, 234126, 13172, 24989, 5, NOW());
INSERT INTO public.daily_snapshots (id, account_id, date, total_views, total_likes, total_comments, total_shares, video_count, created_at) VALUES ('3f256d6c-2479-491d-8c2a-2931e24a8662', '3e180276-522c-4dc6-9ba7-7f2827ac8d19', '2026-01-27', 2934498, 236888, 13369, 25349, 15, NOW());
INSERT INTO public.daily_snapshots (id, account_id, date, total_views, total_likes, total_comments, total_shares, video_count, created_at) VALUES ('431b7b1c-52e0-40ae-b532-813b39972f6e', '3e180276-522c-4dc6-9ba7-7f2827ac8d19', '2026-01-28', 2964673, 240212, 13604, 25585, 14, NOW());
INSERT INTO public.daily_snapshots (id, account_id, date, total_views, total_likes, total_comments, total_shares, video_count, created_at) VALUES ('8355668f-1e68-4da9-bf82-b241cc147d7a', '3e180276-522c-4dc6-9ba7-7f2827ac8d19', '2026-01-29', 3012817, 243503, 13790, 25958, 6, NOW());
INSERT INTO public.daily_snapshots (id, account_id, date, total_views, total_likes, total_comments, total_shares, video_count, created_at) VALUES ('58d94063-bdd3-41dd-b327-7061a6581157', '3e180276-522c-4dc6-9ba7-7f2827ac8d19', '2026-01-30', 3087256, 248312, 13924, 26522, 14, NOW());
INSERT INTO public.daily_snapshots (id, account_id, date, total_views, total_likes, total_comments, total_shares, video_count, created_at) VALUES ('c56bf685-a8a4-43b3-9d07-3c00eadfbef8', '3e180276-522c-4dc6-9ba7-7f2827ac8d19', '2026-01-31', 3129120, 250926, 14278, 26759, 9, NOW());
INSERT INTO public.tiktok_accounts (id, username, nickname, avatar_url, follower_count, following_count, heart_count, video_count, is_active, created_at) VALUES ('07d6201d-5996-47ac-ad9f-5908ab2d8a8a', 'travel_bug', 'Travel Bug', 'https://api.dicebear.com/7.x/avataaars/svg?seed=travel_bug', 605800, 89, 469008, 172, true, NOW());
INSERT INTO public.tiktok_videos (id, video_id, account_id, description, cover_url, web_video_url, play_count, digg_count, comment_count, share_count, create_time, created_at, updated_at, is_ad, is_pinned, collect_count) VALUES ('d075da0f-49f6-49b3-8344-8d08f892f8b3', '131273747048601280', '07d6201d-5996-47ac-ad9f-5908ab2d8a8a', 'Video 1 for travel_bug #tiktok', 'https://picsum.photos/seed/131273747048601280/300/500', 'https://www.tiktok.com/@travel_bug/video/131273747048601280', 288769, 31571, 1027, 4110, '2026-01-13T13:36:08.030Z', NOW(), NOW(), false, false, 0);
INSERT INTO public.tiktok_videos (id, video_id, account_id, description, cover_url, web_video_url, play_count, digg_count, comment_count, share_count, create_time, created_at, updated_at, is_ad, is_pinned, collect_count) VALUES ('f7b44ab2-b068-42a9-8478-72c43cbb9a78', '671197326477814100', '07d6201d-5996-47ac-ad9f-5908ab2d8a8a', 'Video 2 for travel_bug #tiktok', 'https://picsum.photos/seed/671197326477814100/300/500', 'https://www.tiktok.com/@travel_bug/video/671197326477814100', 17848, 2443, 31, 20, '2026-01-05T13:36:08.030Z', NOW(), NOW(), false, false, 0);
INSERT INTO public.tiktok_videos (id, video_id, account_id, description, cover_url, web_video_url, play_count, digg_count, comment_count, share_count, create_time, created_at, updated_at, is_ad, is_pinned, collect_count) VALUES ('a6d56ca9-d51e-4d20-8673-cab3968f733d', '749938091582826000', '07d6201d-5996-47ac-ad9f-5908ab2d8a8a', 'Video 3 for travel_bug #tiktok', 'https://picsum.photos/seed/749938091582826000/300/500', 'https://www.tiktok.com/@travel_bug/video/749938091582826000', 125877, 8581, 395, 887, '2026-01-13T13:36:08.030Z', NOW(), NOW(), false, false, 0);
INSERT INTO public.tiktok_videos (id, video_id, account_id, description, cover_url, web_video_url, play_count, digg_count, comment_count, share_count, create_time, created_at, updated_at, is_ad, is_pinned, collect_count) VALUES ('0c75c65a-bf35-43b5-8f2d-33c04dac0f51', '244648011872011140', '07d6201d-5996-47ac-ad9f-5908ab2d8a8a', 'Video 4 for travel_bug #tiktok', 'https://picsum.photos/seed/244648011872011140/300/500', 'https://www.tiktok.com/@travel_bug/video/244648011872011140', 114078, 7478, 901, 2005, '2026-01-07T13:36:08.030Z', NOW(), NOW(), false, false, 0);
INSERT INTO public.tiktok_videos (id, video_id, account_id, description, cover_url, web_video_url, play_count, digg_count, comment_count, share_count, create_time, created_at, updated_at, is_ad, is_pinned, collect_count) VALUES ('97c5feaf-777a-4809-96f2-93d5c8de2e11', '658673500831057300', '07d6201d-5996-47ac-ad9f-5908ab2d8a8a', 'Video 5 for travel_bug #tiktok', 'https://picsum.photos/seed/658673500831057300/300/500', 'https://www.tiktok.com/@travel_bug/video/658673500831057300', 299026, 40576, 575, 903, '2026-01-20T13:36:08.030Z', NOW(), NOW(), false, false, 0);
INSERT INTO public.tiktok_videos (id, video_id, account_id, description, cover_url, web_video_url, play_count, digg_count, comment_count, share_count, create_time, created_at, updated_at, is_ad, is_pinned, collect_count) VALUES ('990d50c3-b9e9-4452-bc89-8b8731e450f8', '157134193127578500', '07d6201d-5996-47ac-ad9f-5908ab2d8a8a', 'Video 6 for travel_bug #tiktok', 'https://picsum.photos/seed/157134193127578500/300/500', 'https://www.tiktok.com/@travel_bug/video/157134193127578500', 13322, 1439, 83, 185, '2026-01-03T13:36:08.030Z', NOW(), NOW(), false, false, 0);
INSERT INTO public.tiktok_videos (id, video_id, account_id, description, cover_url, web_video_url, play_count, digg_count, comment_count, share_count, create_time, created_at, updated_at, is_ad, is_pinned, collect_count) VALUES ('85f7441a-4f5e-4751-9f30-a4ba709ceabd', '157489424046703400', '07d6201d-5996-47ac-ad9f-5908ab2d8a8a', 'Video 7 for travel_bug #tiktok', 'https://picsum.photos/seed/157489424046703400/300/500', 'https://www.tiktok.com/@travel_bug/video/157489424046703400', 419026, 38112, 1463, 6132, '2026-01-09T13:36:08.030Z', NOW(), NOW(), false, false, 0);
INSERT INTO public.tiktok_videos (id, video_id, account_id, description, cover_url, web_video_url, play_count, digg_count, comment_count, share_count, create_time, created_at, updated_at, is_ad, is_pinned, collect_count) VALUES ('14cfff8b-3015-4d1b-a4ae-c5990abc6727', '960151480767114400', '07d6201d-5996-47ac-ad9f-5908ab2d8a8a', 'Video 8 for travel_bug #tiktok', 'https://picsum.photos/seed/960151480767114400/300/500', 'https://www.tiktok.com/@travel_bug/video/960151480767114400', 266408, 22216, 1451, 3429, '2026-01-13T13:36:08.030Z', NOW(), NOW(), false, false, 0);
INSERT INTO public.tiktok_videos (id, video_id, account_id, description, cover_url, web_video_url, play_count, digg_count, comment_count, share_count, create_time, created_at, updated_at, is_ad, is_pinned, collect_count) VALUES ('2caf313f-17ef-4f5d-a4ae-d547cbc20c6f', '989087117412930400', '07d6201d-5996-47ac-ad9f-5908ab2d8a8a', 'Video 9 for travel_bug #tiktok', 'https://picsum.photos/seed/989087117412930400/300/500', 'https://www.tiktok.com/@travel_bug/video/989087117412930400', 171576, 19798, 528, 664, '2026-01-06T13:36:08.030Z', NOW(), NOW(), false, false, 0);
INSERT INTO public.tiktok_videos (id, video_id, account_id, description, cover_url, web_video_url, play_count, digg_count, comment_count, share_count, create_time, created_at, updated_at, is_ad, is_pinned, collect_count) VALUES ('dce44ae4-fc62-4c6c-9f2d-0808ba98b797', '32070171892770060', '07d6201d-5996-47ac-ad9f-5908ab2d8a8a', 'Video 10 for travel_bug #tiktok', 'https://picsum.photos/seed/32070171892770060/300/500', 'https://www.tiktok.com/@travel_bug/video/32070171892770060', 336009, 17850, 494, 1122, '2026-01-19T13:36:08.030Z', NOW(), NOW(), false, false, 0);
INSERT INTO public.daily_snapshots (id, account_id, date, total_views, total_likes, total_comments, total_shares, video_count, created_at) VALUES ('603c61f0-6662-408b-824b-86c6a6df4315', '07d6201d-5996-47ac-ad9f-5908ab2d8a8a', '2026-01-02', 1066777, 99782, 3536, 10029, 9, NOW());
INSERT INTO public.daily_snapshots (id, account_id, date, total_views, total_likes, total_comments, total_shares, video_count, created_at) VALUES ('ac77b60f-87e7-45fb-98ab-ec720524a548', '07d6201d-5996-47ac-ad9f-5908ab2d8a8a', '2026-01-03', 1097018, 101858, 3676, 10473, 6, NOW());
INSERT INTO public.daily_snapshots (id, account_id, date, total_views, total_likes, total_comments, total_shares, video_count, created_at) VALUES ('06fa0568-ea9c-47de-8c82-740fbc85c8a1', '07d6201d-5996-47ac-ad9f-5908ab2d8a8a', '2026-01-04', 1129638, 105492, 3839, 10847, 13, NOW());
INSERT INTO public.daily_snapshots (id, account_id, date, total_views, total_likes, total_comments, total_shares, video_count, created_at) VALUES ('bedf83a3-3611-4522-a2a8-25dab0e26da3', '07d6201d-5996-47ac-ad9f-5908ab2d8a8a', '2026-01-05', 1153468, 108197, 4007, 11204, 12, NOW());
INSERT INTO public.daily_snapshots (id, account_id, date, total_views, total_likes, total_comments, total_shares, video_count, created_at) VALUES ('ce60f6c9-a8c7-438f-b28e-fb5ac4ee88c9', '07d6201d-5996-47ac-ad9f-5908ab2d8a8a', '2026-01-06', 1184357, 110180, 4179, 11602, 9, NOW());
INSERT INTO public.daily_snapshots (id, account_id, date, total_views, total_likes, total_comments, total_shares, video_count, created_at) VALUES ('1b0f2da2-fb9b-4ffa-97f3-890338ec2c29', '07d6201d-5996-47ac-ad9f-5908ab2d8a8a', '2026-01-07', 1211899, 113609, 4280, 11801, 5, NOW());
INSERT INTO public.daily_snapshots (id, account_id, date, total_views, total_likes, total_comments, total_shares, video_count, created_at) VALUES ('dc196589-55f2-452c-b163-f3c333630445', '07d6201d-5996-47ac-ad9f-5908ab2d8a8a', '2026-01-08', 1241689, 115536, 4420, 12038, 11, NOW());
INSERT INTO public.daily_snapshots (id, account_id, date, total_views, total_likes, total_comments, total_shares, video_count, created_at) VALUES ('10a64b36-b7d5-453a-b2b5-65851278b012', '07d6201d-5996-47ac-ad9f-5908ab2d8a8a', '2026-01-09', 1289427, 119347, 4565, 12279, 14, NOW());
INSERT INTO public.daily_snapshots (id, account_id, date, total_views, total_likes, total_comments, total_shares, video_count, created_at) VALUES ('d8f17b1f-0c08-4504-a954-91f66f679803', '07d6201d-5996-47ac-ad9f-5908ab2d8a8a', '2026-01-10', 1333308, 121720, 4737, 12612, 7, NOW());
INSERT INTO public.daily_snapshots (id, account_id, date, total_views, total_likes, total_comments, total_shares, video_count, created_at) VALUES ('de337432-fb92-448d-b9fd-fff7f4f0afd9', '07d6201d-5996-47ac-ad9f-5908ab2d8a8a', '2026-01-11', 1369822, 123462, 4902, 13025, 13, NOW());
INSERT INTO public.daily_snapshots (id, account_id, date, total_views, total_likes, total_comments, total_shares, video_count, created_at) VALUES ('15ca30d5-8b38-4aed-862d-69f385ea280d', '07d6201d-5996-47ac-ad9f-5908ab2d8a8a', '2026-01-12', 1414284, 125562, 5073, 13225, 10, NOW());
INSERT INTO public.daily_snapshots (id, account_id, date, total_views, total_likes, total_comments, total_shares, video_count, created_at) VALUES ('e7e39576-c02a-425b-89ac-dfab57dfe40e', '07d6201d-5996-47ac-ad9f-5908ab2d8a8a', '2026-01-13', 1453664, 129170, 5144, 13685, 9, NOW());
INSERT INTO public.daily_snapshots (id, account_id, date, total_views, total_likes, total_comments, total_shares, video_count, created_at) VALUES ('2c72d58d-08cc-4bc7-9508-8451d3d7f904', '07d6201d-5996-47ac-ad9f-5908ab2d8a8a', '2026-01-14', 1471542, 131222, 5282, 14056, 15, NOW());
INSERT INTO public.daily_snapshots (id, account_id, date, total_views, total_likes, total_comments, total_shares, video_count, created_at) VALUES ('abb3566f-1a6e-4bce-a900-e1ef755376bc', '07d6201d-5996-47ac-ad9f-5908ab2d8a8a', '2026-01-15', 1495460, 133254, 5364, 14533, 13, NOW());
INSERT INTO public.daily_snapshots (id, account_id, date, total_views, total_likes, total_comments, total_shares, video_count, created_at) VALUES ('6050004a-2b9d-404e-bc31-6efa9cbba5aa', '07d6201d-5996-47ac-ad9f-5908ab2d8a8a', '2026-01-16', 1542299, 137669, 5431, 14999, 11, NOW());
INSERT INTO public.daily_snapshots (id, account_id, date, total_views, total_likes, total_comments, total_shares, video_count, created_at) VALUES ('61a39c9d-4127-4d88-ba4a-27dc834c344d', '07d6201d-5996-47ac-ad9f-5908ab2d8a8a', '2026-01-17', 1573718, 140926, 5570, 15303, 8, NOW());
INSERT INTO public.daily_snapshots (id, account_id, date, total_views, total_likes, total_comments, total_shares, video_count, created_at) VALUES ('9405d472-6f2d-4958-8ba5-aa267a064382', '07d6201d-5996-47ac-ad9f-5908ab2d8a8a', '2026-01-18', 1613096, 143032, 5685, 15751, 7, NOW());
INSERT INTO public.daily_snapshots (id, account_id, date, total_views, total_likes, total_comments, total_shares, video_count, created_at) VALUES ('ab46a109-1186-4135-b56f-ab614a256db1', '07d6201d-5996-47ac-ad9f-5908ab2d8a8a', '2026-01-19', 1642063, 144702, 5837, 16048, 12, NOW());
INSERT INTO public.daily_snapshots (id, account_id, date, total_views, total_likes, total_comments, total_shares, video_count, created_at) VALUES ('10fa1b7f-4f1f-418e-b604-99216c86b74e', '07d6201d-5996-47ac-ad9f-5908ab2d8a8a', '2026-01-20', 1676682, 146611, 5986, 16275, 7, NOW());
INSERT INTO public.daily_snapshots (id, account_id, date, total_views, total_likes, total_comments, total_shares, video_count, created_at) VALUES ('0c1970ab-3855-475f-8c5f-a7d26c0d8fdb', '07d6201d-5996-47ac-ad9f-5908ab2d8a8a', '2026-01-21', 1703093, 148769, 6068, 16486, 9, NOW());
INSERT INTO public.daily_snapshots (id, account_id, date, total_views, total_likes, total_comments, total_shares, video_count, created_at) VALUES ('7f03b207-f555-43e0-a138-bd576ae8d65f', '07d6201d-5996-47ac-ad9f-5908ab2d8a8a', '2026-01-22', 1726714, 153228, 6189, 16694, 7, NOW());
INSERT INTO public.daily_snapshots (id, account_id, date, total_views, total_likes, total_comments, total_shares, video_count, created_at) VALUES ('fecd52a0-bb7f-4e96-8a0d-777b9169a4e9', '07d6201d-5996-47ac-ad9f-5908ab2d8a8a', '2026-01-23', 1761632, 157116, 6333, 17114, 12, NOW());
INSERT INTO public.daily_snapshots (id, account_id, date, total_views, total_likes, total_comments, total_shares, video_count, created_at) VALUES ('ecd68e41-69fe-4ceb-9b3e-07b284a34d6c', '07d6201d-5996-47ac-ad9f-5908ab2d8a8a', '2026-01-24', 1796245, 158715, 6497, 17377, 9, NOW());
INSERT INTO public.daily_snapshots (id, account_id, date, total_views, total_likes, total_comments, total_shares, video_count, created_at) VALUES ('64a698f0-c976-40e0-b0f5-3f0884faba37', '07d6201d-5996-47ac-ad9f-5908ab2d8a8a', '2026-01-25', 1839602, 162705, 6656, 17793, 5, NOW());
INSERT INTO public.daily_snapshots (id, account_id, date, total_views, total_likes, total_comments, total_shares, video_count, created_at) VALUES ('082c7675-3548-435a-9593-3f24cf573941', '07d6201d-5996-47ac-ad9f-5908ab2d8a8a', '2026-01-26', 1860727, 164756, 6829, 18274, 11, NOW());
INSERT INTO public.daily_snapshots (id, account_id, date, total_views, total_likes, total_comments, total_shares, video_count, created_at) VALUES ('12dcc771-eb2e-414d-b400-bce3075e565c', '07d6201d-5996-47ac-ad9f-5908ab2d8a8a', '2026-01-27', 1889738, 167299, 6889, 18463, 10, NOW());
INSERT INTO public.daily_snapshots (id, account_id, date, total_views, total_likes, total_comments, total_shares, video_count, created_at) VALUES ('d44b5b38-4e1a-455b-8538-e59754ae8bf2', '07d6201d-5996-47ac-ad9f-5908ab2d8a8a', '2026-01-28', 1926824, 170775, 6973, 18668, 12, NOW());
INSERT INTO public.daily_snapshots (id, account_id, date, total_views, total_likes, total_comments, total_shares, video_count, created_at) VALUES ('612a1254-8a6d-4c8c-a4e8-7a0b6f63339f', '07d6201d-5996-47ac-ad9f-5908ab2d8a8a', '2026-01-29', 1959728, 174504, 7120, 19144, 13, NOW());
INSERT INTO public.daily_snapshots (id, account_id, date, total_views, total_likes, total_comments, total_shares, video_count, created_at) VALUES ('7cddfb4d-b52c-464f-988e-34e82b2dbd29', '07d6201d-5996-47ac-ad9f-5908ab2d8a8a', '2026-01-30', 2007470, 176621, 7291, 19589, 15, NOW());
INSERT INTO public.daily_snapshots (id, account_id, date, total_views, total_likes, total_comments, total_shares, video_count, created_at) VALUES ('713a4d9d-8c8d-4af0-a6eb-5ebcbfdf573a', '07d6201d-5996-47ac-ad9f-5908ab2d8a8a', '2026-01-31', 2034231, 180140, 7422, 19939, 14, NOW());
INSERT INTO public.tiktok_accounts (id, username, nickname, avatar_url, follower_count, following_count, heart_count, video_count, is_active, created_at) VALUES ('89024120-3d27-4441-ae37-f5df54f04a21', 'fitness_pro', 'Fitness Pro', 'https://api.dicebear.com/7.x/avataaars/svg?seed=fitness_pro', 47001, 205, 78978, 124, true, NOW());
INSERT INTO public.tiktok_videos (id, video_id, account_id, description, cover_url, web_video_url, play_count, digg_count, comment_count, share_count, create_time, created_at, updated_at, is_ad, is_pinned, collect_count) VALUES ('1c6c361b-8baf-4393-b7d5-1c6062921481', '816553561305733400', '89024120-3d27-4441-ae37-f5df54f04a21', 'Video 1 for fitness_pro #tiktok', 'https://picsum.photos/seed/816553561305733400/300/500', 'https://www.tiktok.com/@fitness_pro/video/816553561305733400', 195706, 28834, 2126, 3504, '2026-01-25T13:36:08.030Z', NOW(), NOW(), false, false, 0);
INSERT INTO public.tiktok_videos (id, video_id, account_id, description, cover_url, web_video_url, play_count, digg_count, comment_count, share_count, create_time, created_at, updated_at, is_ad, is_pinned, collect_count) VALUES ('559f162e-e3e6-4559-99e8-4e9d1222283a', '384293112206490600', '89024120-3d27-4441-ae37-f5df54f04a21', 'Video 2 for fitness_pro #tiktok', 'https://picsum.photos/seed/384293112206490600/300/500', 'https://www.tiktok.com/@fitness_pro/video/384293112206490600', 93801, 10613, 120, 1575, '2026-01-10T13:36:08.030Z', NOW(), NOW(), false, false, 0);
INSERT INTO public.tiktok_videos (id, video_id, account_id, description, cover_url, web_video_url, play_count, digg_count, comment_count, share_count, create_time, created_at, updated_at, is_ad, is_pinned, collect_count) VALUES ('5c9f9fcd-6431-4010-9d02-ca6e95ef1510', '602417271291542300', '89024120-3d27-4441-ae37-f5df54f04a21', 'Video 3 for fitness_pro #tiktok', 'https://picsum.photos/seed/602417271291542300/300/500', 'https://www.tiktok.com/@fitness_pro/video/602417271291542300', 44200, 4317, 185, 129, '2026-01-20T13:36:08.030Z', NOW(), NOW(), false, false, 0);
INSERT INTO public.tiktok_videos (id, video_id, account_id, description, cover_url, web_video_url, play_count, digg_count, comment_count, share_count, create_time, created_at, updated_at, is_ad, is_pinned, collect_count) VALUES ('e04bcd80-303e-4f8f-891a-478bab4a6e17', '548884960781074500', '89024120-3d27-4441-ae37-f5df54f04a21', 'Video 4 for fitness_pro #tiktok', 'https://picsum.photos/seed/548884960781074500/300/500', 'https://www.tiktok.com/@fitness_pro/video/548884960781074500', 387082, 41667, 3419, 4625, '2026-01-03T13:36:08.030Z', NOW(), NOW(), false, false, 0);
INSERT INTO public.tiktok_videos (id, video_id, account_id, description, cover_url, web_video_url, play_count, digg_count, comment_count, share_count, create_time, created_at, updated_at, is_ad, is_pinned, collect_count) VALUES ('747b7c9d-dda3-4d61-988c-f80a232ee60e', '726662396797131900', '89024120-3d27-4441-ae37-f5df54f04a21', 'Video 5 for fitness_pro #tiktok', 'https://picsum.photos/seed/726662396797131900/300/500', 'https://www.tiktok.com/@fitness_pro/video/726662396797131900', 169670, 18665, 1125, 1684, '2026-01-07T13:36:08.030Z', NOW(), NOW(), false, false, 0);
INSERT INTO public.tiktok_videos (id, video_id, account_id, description, cover_url, web_video_url, play_count, digg_count, comment_count, share_count, create_time, created_at, updated_at, is_ad, is_pinned, collect_count) VALUES ('6fec7d21-78b4-4c9d-b0cb-98c16ca620bb', '996120347214083700', '89024120-3d27-4441-ae37-f5df54f04a21', 'Video 6 for fitness_pro #tiktok', 'https://picsum.photos/seed/996120347214083700/300/500', 'https://www.tiktok.com/@fitness_pro/video/996120347214083700', 84545, 12387, 831, 1083, '2026-01-23T13:36:08.030Z', NOW(), NOW(), false, false, 0);
INSERT INTO public.tiktok_videos (id, video_id, account_id, description, cover_url, web_video_url, play_count, digg_count, comment_count, share_count, create_time, created_at, updated_at, is_ad, is_pinned, collect_count) VALUES ('4df6e036-011a-4827-b152-3b70fa04f2a0', '697601116854876700', '89024120-3d27-4441-ae37-f5df54f04a21', 'Video 7 for fitness_pro #tiktok', 'https://picsum.photos/seed/697601116854876700/300/500', 'https://www.tiktok.com/@fitness_pro/video/697601116854876700', 259723, 34814, 1322, 540, '2026-01-18T13:36:08.030Z', NOW(), NOW(), false, false, 0);
INSERT INTO public.tiktok_videos (id, video_id, account_id, description, cover_url, web_video_url, play_count, digg_count, comment_count, share_count, create_time, created_at, updated_at, is_ad, is_pinned, collect_count) VALUES ('c2b09224-8faf-4ed6-9865-64d7ba70e772', '533754697900082560', '89024120-3d27-4441-ae37-f5df54f04a21', 'Video 8 for fitness_pro #tiktok', 'https://picsum.photos/seed/533754697900082560/300/500', 'https://www.tiktok.com/@fitness_pro/video/533754697900082560', 368231, 28277, 1113, 1830, '2026-01-25T13:36:08.030Z', NOW(), NOW(), false, false, 0);
INSERT INTO public.tiktok_videos (id, video_id, account_id, description, cover_url, web_video_url, play_count, digg_count, comment_count, share_count, create_time, created_at, updated_at, is_ad, is_pinned, collect_count) VALUES ('f21d9789-8613-4766-9331-1d598b573cb0', '342742483467299300', '89024120-3d27-4441-ae37-f5df54f04a21', 'Video 9 for fitness_pro #tiktok', 'https://picsum.photos/seed/342742483467299300/300/500', 'https://www.tiktok.com/@fitness_pro/video/342742483467299300', 86813, 9347, 176, 1078, '2026-01-21T13:36:08.030Z', NOW(), NOW(), false, false, 0);
INSERT INTO public.tiktok_videos (id, video_id, account_id, description, cover_url, web_video_url, play_count, digg_count, comment_count, share_count, create_time, created_at, updated_at, is_ad, is_pinned, collect_count) VALUES ('82e83cd7-2cd7-4f0f-8603-8783113023c8', '863969842654468700', '89024120-3d27-4441-ae37-f5df54f04a21', 'Video 10 for fitness_pro #tiktok', 'https://picsum.photos/seed/863969842654468700/300/500', 'https://www.tiktok.com/@fitness_pro/video/863969842654468700', 164773, 8484, 737, 2434, '2026-01-26T13:36:08.030Z', NOW(), NOW(), false, false, 0);
INSERT INTO public.daily_snapshots (id, account_id, date, total_views, total_likes, total_comments, total_shares, video_count, created_at) VALUES ('3e34e016-380b-4338-a08a-598ebf5efe9d', '89024120-3d27-4441-ae37-f5df54f04a21', '2026-01-02', 955079, 101785, 5690, 9469, 9, NOW());
INSERT INTO public.daily_snapshots (id, account_id, date, total_views, total_likes, total_comments, total_shares, video_count, created_at) VALUES ('81344802-35cf-415f-84ed-773d2dc20498', '89024120-3d27-4441-ae37-f5df54f04a21', '2026-01-03', 987738, 103537, 5962, 9664, 6, NOW());
INSERT INTO public.daily_snapshots (id, account_id, date, total_views, total_likes, total_comments, total_shares, video_count, created_at) VALUES ('658fcdc9-458e-499e-840b-b8bef1b3652d', '89024120-3d27-4441-ae37-f5df54f04a21', '2026-01-04', 1031359, 105785, 6159, 10104, 7, NOW());
INSERT INTO public.daily_snapshots (id, account_id, date, total_views, total_likes, total_comments, total_shares, video_count, created_at) VALUES ('d5a3e090-07f6-4f54-bed9-fb5ba7d397cc', '89024120-3d27-4441-ae37-f5df54f04a21', '2026-01-05', 1047177, 107688, 6428, 10398, 12, NOW());
INSERT INTO public.daily_snapshots (id, account_id, date, total_views, total_likes, total_comments, total_shares, video_count, created_at) VALUES ('94bf02a7-986d-4583-9ae6-f083d686c11d', '89024120-3d27-4441-ae37-f5df54f04a21', '2026-01-06', 1089902, 110956, 6653, 10666, 10, NOW());
INSERT INTO public.daily_snapshots (id, account_id, date, total_views, total_likes, total_comments, total_shares, video_count, created_at) VALUES ('9356bfb8-9da6-4481-9791-876f169b5f8e', '89024120-3d27-4441-ae37-f5df54f04a21', '2026-01-07', 1123642, 114631, 6772, 10977, 15, NOW());
INSERT INTO public.daily_snapshots (id, account_id, date, total_views, total_likes, total_comments, total_shares, video_count, created_at) VALUES ('741a4277-cf4e-4c2e-a0b8-94dbfdf256a0', '89024120-3d27-4441-ae37-f5df54f04a21', '2026-01-08', 1156924, 118168, 6870, 11319, 6, NOW());
INSERT INTO public.daily_snapshots (id, account_id, date, total_views, total_likes, total_comments, total_shares, video_count, created_at) VALUES ('fc65ba6a-ff31-406e-a478-38af49153400', '89024120-3d27-4441-ae37-f5df54f04a21', '2026-01-09', 1202760, 122384, 7077, 11545, 13, NOW());
INSERT INTO public.daily_snapshots (id, account_id, date, total_views, total_likes, total_comments, total_shares, video_count, created_at) VALUES ('2fe21652-849c-4f31-9c08-80cee63b6bc6', '89024120-3d27-4441-ae37-f5df54f04a21', '2026-01-10', 1240300, 126972, 7321, 11786, 15, NOW());
INSERT INTO public.daily_snapshots (id, account_id, date, total_views, total_likes, total_comments, total_shares, video_count, created_at) VALUES ('0ec60b83-9993-48ff-8652-cd5ac5666157', '89024120-3d27-4441-ae37-f5df54f04a21', '2026-01-11', 1256789, 131591, 7457, 12170, 9, NOW());
INSERT INTO public.daily_snapshots (id, account_id, date, total_views, total_likes, total_comments, total_shares, video_count, created_at) VALUES ('3601280f-086b-4747-8da6-9e61affab4d0', '89024120-3d27-4441-ae37-f5df54f04a21', '2026-01-12', 1297553, 134695, 7669, 12588, 13, NOW());
INSERT INTO public.daily_snapshots (id, account_id, date, total_views, total_likes, total_comments, total_shares, video_count, created_at) VALUES ('eef72fb0-ab0b-4aaf-b014-90607f8b0d60', '89024120-3d27-4441-ae37-f5df54f04a21', '2026-01-13', 1323148, 138450, 7930, 13035, 9, NOW());
INSERT INTO public.daily_snapshots (id, account_id, date, total_views, total_likes, total_comments, total_shares, video_count, created_at) VALUES ('088a7106-290f-4a93-82ee-9ea13e01bdb8', '89024120-3d27-4441-ae37-f5df54f04a21', '2026-01-14', 1344650, 141284, 8058, 13270, 11, NOW());
INSERT INTO public.daily_snapshots (id, account_id, date, total_views, total_likes, total_comments, total_shares, video_count, created_at) VALUES ('5e8a6f3a-c7aa-4407-a64b-a414c215170f', '89024120-3d27-4441-ae37-f5df54f04a21', '2026-01-15', 1384484, 145606, 8211, 13572, 10, NOW());
INSERT INTO public.daily_snapshots (id, account_id, date, total_views, total_likes, total_comments, total_shares, video_count, created_at) VALUES ('3aea1606-397a-4c1f-ba87-e3e2704cd6cb', '89024120-3d27-4441-ae37-f5df54f04a21', '2026-01-16', 1417736, 148807, 8373, 13871, 12, NOW());
INSERT INTO public.daily_snapshots (id, account_id, date, total_views, total_likes, total_comments, total_shares, video_count, created_at) VALUES ('fe7deb9d-0108-4fda-8019-e4f657aeb5d8', '89024120-3d27-4441-ae37-f5df54f04a21', '2026-01-17', 1444751, 151574, 8596, 14130, 8, NOW());
INSERT INTO public.daily_snapshots (id, account_id, date, total_views, total_likes, total_comments, total_shares, video_count, created_at) VALUES ('cc71e1de-f65d-4a43-aabc-0b3096d3d3a3', '89024120-3d27-4441-ae37-f5df54f04a21', '2026-01-18', 1467689, 154088, 8694, 14583, 5, NOW());
INSERT INTO public.daily_snapshots (id, account_id, date, total_views, total_likes, total_comments, total_shares, video_count, created_at) VALUES ('8a91821e-2cc8-4c33-b35c-9a5dd9edc58d', '89024120-3d27-4441-ae37-f5df54f04a21', '2026-01-19', 1490296, 158273, 8853, 14765, 6, NOW());
INSERT INTO public.daily_snapshots (id, account_id, date, total_views, total_likes, total_comments, total_shares, video_count, created_at) VALUES ('8af34196-0ae4-4d90-bbe3-3fa54b026853', '89024120-3d27-4441-ae37-f5df54f04a21', '2026-01-20', 1527590, 160678, 9045, 14936, 13, NOW());
INSERT INTO public.daily_snapshots (id, account_id, date, total_views, total_likes, total_comments, total_shares, video_count, created_at) VALUES ('547f06f4-fb3a-4665-ab10-546992c69694', '89024120-3d27-4441-ae37-f5df54f04a21', '2026-01-21', 1568764, 164093, 9213, 15143, 7, NOW());
INSERT INTO public.daily_snapshots (id, account_id, date, total_views, total_likes, total_comments, total_shares, video_count, created_at) VALUES ('48559d65-f6cd-4086-a10c-f59af8960b86', '89024120-3d27-4441-ae37-f5df54f04a21', '2026-01-22', 1595042, 168093, 9308, 15603, 6, NOW());
INSERT INTO public.daily_snapshots (id, account_id, date, total_views, total_likes, total_comments, total_shares, video_count, created_at) VALUES ('fcfe0e72-d4e2-4bf3-a878-0585e9c58392', '89024120-3d27-4441-ae37-f5df54f04a21', '2026-01-23', 1627351, 172652, 9466, 15816, 7, NOW());
INSERT INTO public.daily_snapshots (id, account_id, date, total_views, total_likes, total_comments, total_shares, video_count, created_at) VALUES ('028b7581-952c-4071-b017-95d5c67eb1dd', '89024120-3d27-4441-ae37-f5df54f04a21', '2026-01-24', 1642978, 176597, 9700, 16080, 5, NOW());
INSERT INTO public.daily_snapshots (id, account_id, date, total_views, total_likes, total_comments, total_shares, video_count, created_at) VALUES ('3f5dc712-03df-4ac3-a36f-074027874b7e', '89024120-3d27-4441-ae37-f5df54f04a21', '2026-01-25', 1669377, 179787, 9901, 16443, 7, NOW());
INSERT INTO public.daily_snapshots (id, account_id, date, total_views, total_likes, total_comments, total_shares, video_count, created_at) VALUES ('c97ca521-d7c2-4dca-9265-d952169a257f', '89024120-3d27-4441-ae37-f5df54f04a21', '2026-01-26', 1687468, 184159, 10080, 16639, 5, NOW());
INSERT INTO public.daily_snapshots (id, account_id, date, total_views, total_likes, total_comments, total_shares, video_count, created_at) VALUES ('464c75ce-55a9-45d3-8442-5a6fdb76330d', '89024120-3d27-4441-ae37-f5df54f04a21', '2026-01-27', 1728653, 186443, 10200, 16999, 10, NOW());
INSERT INTO public.daily_snapshots (id, account_id, date, total_views, total_likes, total_comments, total_shares, video_count, created_at) VALUES ('475eebfe-d8b2-4efd-9daf-73bc2fe0327a', '89024120-3d27-4441-ae37-f5df54f04a21', '2026-01-28', 1774626, 190466, 10418, 17263, 11, NOW());
INSERT INTO public.daily_snapshots (id, account_id, date, total_views, total_likes, total_comments, total_shares, video_count, created_at) VALUES ('936621ec-6183-4164-8a03-9e93f2cfeaff', '89024120-3d27-4441-ae37-f5df54f04a21', '2026-01-29', 1798751, 194039, 10606, 17554, 8, NOW());
INSERT INTO public.daily_snapshots (id, account_id, date, total_views, total_likes, total_comments, total_shares, video_count, created_at) VALUES ('39afcec0-6815-442b-b72f-ad53beeef3ef', '89024120-3d27-4441-ae37-f5df54f04a21', '2026-01-30', 1826698, 198064, 10751, 18012, 9, NOW());
INSERT INTO public.daily_snapshots (id, account_id, date, total_views, total_likes, total_comments, total_shares, video_count, created_at) VALUES ('36a69299-1d19-4369-a381-97010a829716', '89024120-3d27-4441-ae37-f5df54f04a21', '2026-01-31', 1848995, 199807, 10980, 18424, 5, NOW());
INSERT INTO public.tiktok_accounts (id, username, nickname, avatar_url, follower_count, following_count, heart_count, video_count, is_active, created_at) VALUES ('1dc70666-7adf-41a1-abf8-9595736924d8', 'gaming_legend', 'Gaming Legend', 'https://api.dicebear.com/7.x/avataaars/svg?seed=gaming_legend', 439566, 23, 219656, 53, true, NOW());
INSERT INTO public.tiktok_videos (id, video_id, account_id, description, cover_url, web_video_url, play_count, digg_count, comment_count, share_count, create_time, created_at, updated_at, is_ad, is_pinned, collect_count) VALUES ('5e9b966c-aeca-4a30-a231-711ae0fded65', '688982824723180700', '1dc70666-7adf-41a1-abf8-9595736924d8', 'Video 1 for gaming_legend #tiktok', 'https://picsum.photos/seed/688982824723180700/300/500', 'https://www.tiktok.com/@gaming_legend/video/688982824723180700', 118112, 16507, 1221, 1862, '2026-01-11T13:36:08.030Z', NOW(), NOW(), false, false, 0);
INSERT INTO public.tiktok_videos (id, video_id, account_id, description, cover_url, web_video_url, play_count, digg_count, comment_count, share_count, create_time, created_at, updated_at, is_ad, is_pinned, collect_count) VALUES ('efbd4425-4b59-439b-84dc-0c0228a506d7', '402708555139058900', '1dc70666-7adf-41a1-abf8-9595736924d8', 'Video 2 for gaming_legend #tiktok', 'https://picsum.photos/seed/402708555139058900/300/500', 'https://www.tiktok.com/@gaming_legend/video/402708555139058900', 6561, 585, 57, 95, '2026-01-05T13:36:08.030Z', NOW(), NOW(), false, false, 0);
INSERT INTO public.tiktok_videos (id, video_id, account_id, description, cover_url, web_video_url, play_count, digg_count, comment_count, share_count, create_time, created_at, updated_at, is_ad, is_pinned, collect_count) VALUES ('201032e5-3bb2-4244-848e-264385c312be', '410291791029393100', '1dc70666-7adf-41a1-abf8-9595736924d8', 'Video 3 for gaming_legend #tiktok', 'https://picsum.photos/seed/410291791029393100/300/500', 'https://www.tiktok.com/@gaming_legend/video/410291791029393100', 253786, 28952, 1174, 1163, '2026-01-15T13:36:08.030Z', NOW(), NOW(), false, false, 0);
INSERT INTO public.tiktok_videos (id, video_id, account_id, description, cover_url, web_video_url, play_count, digg_count, comment_count, share_count, create_time, created_at, updated_at, is_ad, is_pinned, collect_count) VALUES ('e3abf546-240a-4779-90e8-5571c14b45be', '117077282160060980', '1dc70666-7adf-41a1-abf8-9595736924d8', 'Video 4 for gaming_legend #tiktok', 'https://picsum.photos/seed/117077282160060980/300/500', 'https://www.tiktok.com/@gaming_legend/video/117077282160060980', 253873, 36336, 2092, 2204, '2026-01-07T13:36:08.030Z', NOW(), NOW(), false, false, 0);
INSERT INTO public.tiktok_videos (id, video_id, account_id, description, cover_url, web_video_url, play_count, digg_count, comment_count, share_count, create_time, created_at, updated_at, is_ad, is_pinned, collect_count) VALUES ('fcac1a4f-a0ed-4688-aea4-961c59d3073e', '530768795326430500', '1dc70666-7adf-41a1-abf8-9595736924d8', 'Video 5 for gaming_legend #tiktok', 'https://picsum.photos/seed/530768795326430500/300/500', 'https://www.tiktok.com/@gaming_legend/video/530768795326430500', 277630, 33563, 1672, 1220, '2026-01-25T13:36:08.030Z', NOW(), NOW(), false, false, 0);
INSERT INTO public.tiktok_videos (id, video_id, account_id, description, cover_url, web_video_url, play_count, digg_count, comment_count, share_count, create_time, created_at, updated_at, is_ad, is_pinned, collect_count) VALUES ('1b4453ba-4c63-4d99-9825-6dc7f481eba4', '310987221307552500', '1dc70666-7adf-41a1-abf8-9595736924d8', 'Video 6 for gaming_legend #tiktok', 'https://picsum.photos/seed/310987221307552500/300/500', 'https://www.tiktok.com/@gaming_legend/video/310987221307552500', 185960, 12331, 977, 1627, '2026-01-24T13:36:08.030Z', NOW(), NOW(), false, false, 0);
INSERT INTO public.tiktok_videos (id, video_id, account_id, description, cover_url, web_video_url, play_count, digg_count, comment_count, share_count, create_time, created_at, updated_at, is_ad, is_pinned, collect_count) VALUES ('c9a4f0b1-b2b3-4ba7-8c20-e9166edd9752', '552031220444052000', '1dc70666-7adf-41a1-abf8-9595736924d8', 'Video 7 for gaming_legend #tiktok', 'https://picsum.photos/seed/552031220444052000/300/500', 'https://www.tiktok.com/@gaming_legend/video/552031220444052000', 225383, 22409, 1119, 241, '2026-01-17T13:36:08.030Z', NOW(), NOW(), false, false, 0);
INSERT INTO public.tiktok_videos (id, video_id, account_id, description, cover_url, web_video_url, play_count, digg_count, comment_count, share_count, create_time, created_at, updated_at, is_ad, is_pinned, collect_count) VALUES ('331a8e2c-3b0e-46ad-bc24-f099e6ccc968', '375065209985424700', '1dc70666-7adf-41a1-abf8-9595736924d8', 'Video 8 for gaming_legend #tiktok', 'https://picsum.photos/seed/375065209985424700/300/500', 'https://www.tiktok.com/@gaming_legend/video/375065209985424700', 228174, 23331, 852, 4411, '2026-01-05T13:36:08.030Z', NOW(), NOW(), false, false, 0);
INSERT INTO public.tiktok_videos (id, video_id, account_id, description, cover_url, web_video_url, play_count, digg_count, comment_count, share_count, create_time, created_at, updated_at, is_ad, is_pinned, collect_count) VALUES ('dea2fa9f-18e2-441a-9e60-d2d125cf11cf', '388471938605269400', '1dc70666-7adf-41a1-abf8-9595736924d8', 'Video 9 for gaming_legend #tiktok', 'https://picsum.photos/seed/388471938605269400/300/500', 'https://www.tiktok.com/@gaming_legend/video/388471938605269400', 490702, 41142, 5152, 1939, '2026-01-18T13:36:08.030Z', NOW(), NOW(), false, false, 0);
INSERT INTO public.tiktok_videos (id, video_id, account_id, description, cover_url, web_video_url, play_count, digg_count, comment_count, share_count, create_time, created_at, updated_at, is_ad, is_pinned, collect_count) VALUES ('10ddfd92-7e8e-488f-9054-783f16dfab11', '933123137856432000', '1dc70666-7adf-41a1-abf8-9595736924d8', 'Video 10 for gaming_legend #tiktok', 'https://picsum.photos/seed/933123137856432000/300/500', 'https://www.tiktok.com/@gaming_legend/video/933123137856432000', 12383, 1269, 80, 255, '2026-01-08T13:36:08.030Z', NOW(), NOW(), false, false, 0);
INSERT INTO public.daily_snapshots (id, account_id, date, total_views, total_likes, total_comments, total_shares, video_count, created_at) VALUES ('9255e55f-653d-4f3e-b8b7-cf8d4d4f449e', '1dc70666-7adf-41a1-abf8-9595736924d8', '2026-01-02', 1045741, 112634, 7415, 7774, 10, NOW());
INSERT INTO public.daily_snapshots (id, account_id, date, total_views, total_likes, total_comments, total_shares, video_count, created_at) VALUES ('9db05010-de96-4747-9593-ba5504020717', '1dc70666-7adf-41a1-abf8-9595736924d8', '2026-01-03', 1071413, 117035, 7717, 8087, 14, NOW());
INSERT INTO public.daily_snapshots (id, account_id, date, total_views, total_likes, total_comments, total_shares, video_count, created_at) VALUES ('7c9af0a3-6482-44b8-87f4-52b15d92d137', '1dc70666-7adf-41a1-abf8-9595736924d8', '2026-01-04', 1119509, 120383, 7876, 8412, 12, NOW());
INSERT INTO public.daily_snapshots (id, account_id, date, total_views, total_likes, total_comments, total_shares, video_count, created_at) VALUES ('e6f93ffe-8b51-435c-9c5f-e5037acdeb3a', '1dc70666-7adf-41a1-abf8-9595736924d8', '2026-01-05', 1152215, 122832, 8005, 8590, 8, NOW());
INSERT INTO public.daily_snapshots (id, account_id, date, total_views, total_likes, total_comments, total_shares, video_count, created_at) VALUES ('814effbe-6b8e-4a01-b334-13343d759d64', '1dc70666-7adf-41a1-abf8-9595736924d8', '2026-01-06', 1173878, 125441, 8284, 8756, 7, NOW());
INSERT INTO public.daily_snapshots (id, account_id, date, total_views, total_likes, total_comments, total_shares, video_count, created_at) VALUES ('971d8881-e2b4-4b22-bb66-945f72e2806d', '1dc70666-7adf-41a1-abf8-9595736924d8', '2026-01-07', 1210285, 130424, 8437, 9118, 5, NOW());
INSERT INTO public.daily_snapshots (id, account_id, date, total_views, total_likes, total_comments, total_shares, video_count, created_at) VALUES ('aac7cd00-a528-4769-abe1-84e8e5695ad4', '1dc70666-7adf-41a1-abf8-9595736924d8', '2026-01-08', 1248122, 134685, 8601, 9309, 15, NOW());
INSERT INTO public.daily_snapshots (id, account_id, date, total_views, total_likes, total_comments, total_shares, video_count, created_at) VALUES ('0f8ffa55-f762-406c-8930-d8e2c13fc582', '1dc70666-7adf-41a1-abf8-9595736924d8', '2026-01-09', 1282287, 139114, 8816, 9538, 14, NOW());
INSERT INTO public.daily_snapshots (id, account_id, date, total_views, total_likes, total_comments, total_shares, video_count, created_at) VALUES ('94010909-8efe-40bb-86d2-7dc643e4d04d', '1dc70666-7adf-41a1-abf8-9595736924d8', '2026-01-10', 1319683, 143116, 8966, 9813, 13, NOW());
INSERT INTO public.daily_snapshots (id, account_id, date, total_views, total_likes, total_comments, total_shares, video_count, created_at) VALUES ('2d2d0946-8718-4164-afb8-0918daca4a68', '1dc70666-7adf-41a1-abf8-9595736924d8', '2026-01-11', 1355687, 148160, 9214, 10021, 7, NOW());
INSERT INTO public.daily_snapshots (id, account_id, date, total_views, total_likes, total_comments, total_shares, video_count, created_at) VALUES ('be7d3d10-5a10-439a-bf01-ff31f8d83424', '1dc70666-7adf-41a1-abf8-9595736924d8', '2026-01-12', 1389591, 151379, 9460, 10297, 6, NOW());
INSERT INTO public.daily_snapshots (id, account_id, date, total_views, total_likes, total_comments, total_shares, video_count, created_at) VALUES ('8bde877c-c25e-4cff-8aa2-1e45368ffbbe', '1dc70666-7adf-41a1-abf8-9595736924d8', '2026-01-13', 1428669, 155395, 9607, 10453, 8, NOW());
INSERT INTO public.daily_snapshots (id, account_id, date, total_views, total_likes, total_comments, total_shares, video_count, created_at) VALUES ('d546c83f-b37c-4f79-99ae-bb2af2e2b96d', '1dc70666-7adf-41a1-abf8-9595736924d8', '2026-01-14', 1458887, 160538, 9909, 10821, 10, NOW());
INSERT INTO public.daily_snapshots (id, account_id, date, total_views, total_likes, total_comments, total_shares, video_count, created_at) VALUES ('4c7ec243-5534-42a4-869f-1d646450dd40', '1dc70666-7adf-41a1-abf8-9595736924d8', '2026-01-15', 1509432, 165421, 10208, 11085, 13, NOW());
INSERT INTO public.daily_snapshots (id, account_id, date, total_views, total_likes, total_comments, total_shares, video_count, created_at) VALUES ('e3c8c549-ac86-4b2a-bed8-f5cd424fefc4', '1dc70666-7adf-41a1-abf8-9595736924d8', '2026-01-16', 1546583, 170780, 10374, 11343, 10, NOW());
INSERT INTO public.daily_snapshots (id, account_id, date, total_views, total_likes, total_comments, total_shares, video_count, created_at) VALUES ('4fdf9c6a-7bf3-4017-a301-62d665c5a016', '1dc70666-7adf-41a1-abf8-9595736924d8', '2026-01-17', 1576128, 174411, 10726, 11536, 5, NOW());
INSERT INTO public.daily_snapshots (id, account_id, date, total_views, total_likes, total_comments, total_shares, video_count, created_at) VALUES ('aa7b45d9-6aac-46a6-8b72-81b9850caf88', '1dc70666-7adf-41a1-abf8-9595736924d8', '2026-01-18', 1595766, 179351, 11071, 11706, 6, NOW());
INSERT INTO public.daily_snapshots (id, account_id, date, total_views, total_likes, total_comments, total_shares, video_count, created_at) VALUES ('8f52511c-7226-4054-ba40-ac5099333013', '1dc70666-7adf-41a1-abf8-9595736924d8', '2026-01-19', 1632347, 181225, 11238, 12062, 13, NOW());
INSERT INTO public.daily_snapshots (id, account_id, date, total_views, total_likes, total_comments, total_shares, video_count, created_at) VALUES ('ebfc27bf-9384-4f89-84b9-eac900da747a', '1dc70666-7adf-41a1-abf8-9595736924d8', '2026-01-20', 1666416, 184031, 11462, 12210, 14, NOW());
INSERT INTO public.daily_snapshots (id, account_id, date, total_views, total_likes, total_comments, total_shares, video_count, created_at) VALUES ('a018e9a2-0eda-4b4a-bbbd-59fa75258455', '1dc70666-7adf-41a1-abf8-9595736924d8', '2026-01-21', 1693906, 188986, 11766, 12516, 8, NOW());
INSERT INTO public.daily_snapshots (id, account_id, date, total_views, total_likes, total_comments, total_shares, video_count, created_at) VALUES ('5a1f3a54-6771-4676-b6c9-212a77794802', '1dc70666-7adf-41a1-abf8-9595736924d8', '2026-01-22', 1744247, 192668, 12079, 12779, 12, NOW());
INSERT INTO public.daily_snapshots (id, account_id, date, total_views, total_likes, total_comments, total_shares, video_count, created_at) VALUES ('cd749414-6a7c-4d56-89c9-497a65672a3f', '1dc70666-7adf-41a1-abf8-9595736924d8', '2026-01-23', 1768261, 195435, 12362, 13149, 7, NOW());
INSERT INTO public.daily_snapshots (id, account_id, date, total_views, total_likes, total_comments, total_shares, video_count, created_at) VALUES ('8075a5aa-392a-4982-a051-afc0fddb28e7', '1dc70666-7adf-41a1-abf8-9595736924d8', '2026-01-24', 1786966, 197299, 12596, 13358, 8, NOW());
INSERT INTO public.daily_snapshots (id, account_id, date, total_views, total_likes, total_comments, total_shares, video_count, created_at) VALUES ('e6274c91-225c-4494-aaac-2c77ec968ce2', '1dc70666-7adf-41a1-abf8-9595736924d8', '2026-01-25', 1804361, 202388, 12747, 13710, 8, NOW());
INSERT INTO public.daily_snapshots (id, account_id, date, total_views, total_likes, total_comments, total_shares, video_count, created_at) VALUES ('38cd5752-bd5d-4064-bc9b-58fa179a8826', '1dc70666-7adf-41a1-abf8-9595736924d8', '2026-01-26', 1826862, 206121, 12869, 13994, 5, NOW());
INSERT INTO public.daily_snapshots (id, account_id, date, total_views, total_likes, total_comments, total_shares, video_count, created_at) VALUES ('dd65eab4-d66f-4369-9885-5322a45ee7d4', '1dc70666-7adf-41a1-abf8-9595736924d8', '2026-01-27', 1871332, 210902, 13082, 14285, 6, NOW());
INSERT INTO public.daily_snapshots (id, account_id, date, total_views, total_likes, total_comments, total_shares, video_count, created_at) VALUES ('344e8213-b7b7-4aaa-951c-61a0867577d4', '1dc70666-7adf-41a1-abf8-9595736924d8', '2026-01-28', 1907499, 215257, 13393, 14575, 12, NOW());
INSERT INTO public.daily_snapshots (id, account_id, date, total_views, total_likes, total_comments, total_shares, video_count, created_at) VALUES ('9bc54c5e-7100-4995-b3e4-331761d0371d', '1dc70666-7adf-41a1-abf8-9595736924d8', '2026-01-29', 1939645, 219790, 13682, 14901, 8, NOW());
INSERT INTO public.daily_snapshots (id, account_id, date, total_views, total_likes, total_comments, total_shares, video_count, created_at) VALUES ('d63d2c78-7d5e-415c-9022-6fed59fa894b', '1dc70666-7adf-41a1-abf8-9595736924d8', '2026-01-30', 1968257, 224543, 13906, 15217, 9, NOW());
INSERT INTO public.daily_snapshots (id, account_id, date, total_views, total_likes, total_comments, total_shares, video_count, created_at) VALUES ('fcba518f-63b1-449b-90c5-49c4ef87cfbd', '1dc70666-7adf-41a1-abf8-9595736924d8', '2026-01-31', 2016261, 226479, 14089, 15463, 6, NOW());
INSERT INTO public.tiktok_accounts (id, username, nickname, avatar_url, follower_count, following_count, heart_count, video_count, is_active, created_at) VALUES ('35fbcf46-7496-476b-88ca-7af694330543', 'music_vibes', 'Music Vibes', 'https://api.dicebear.com/7.x/avataaars/svg?seed=music_vibes', 385434, 227, 471015, 77, true, NOW());
INSERT INTO public.tiktok_videos (id, video_id, account_id, description, cover_url, web_video_url, play_count, digg_count, comment_count, share_count, create_time, created_at, updated_at, is_ad, is_pinned, collect_count) VALUES ('cc5d58c9-d9e2-4549-818f-a66c7609b4a6', '34966324106760816', '35fbcf46-7496-476b-88ca-7af694330543', 'Video 1 for music_vibes #tiktok', 'https://picsum.photos/seed/34966324106760816/300/500', 'https://www.tiktok.com/@music_vibes/video/34966324106760816', 386140, 28842, 1015, 4092, '2026-01-22T13:36:08.030Z', NOW(), NOW(), false, false, 0);
INSERT INTO public.tiktok_videos (id, video_id, account_id, description, cover_url, web_video_url, play_count, digg_count, comment_count, share_count, create_time, created_at, updated_at, is_ad, is_pinned, collect_count) VALUES ('9b7690c1-5e0c-4adb-913e-7329a2f34dff', '565495224513876700', '35fbcf46-7496-476b-88ca-7af694330543', 'Video 2 for music_vibes #tiktok', 'https://picsum.photos/seed/565495224513876700/300/500', 'https://www.tiktok.com/@music_vibes/video/565495224513876700', 315501, 23296, 864, 5498, '2026-01-06T13:36:08.030Z', NOW(), NOW(), false, false, 0);
INSERT INTO public.tiktok_videos (id, video_id, account_id, description, cover_url, web_video_url, play_count, digg_count, comment_count, share_count, create_time, created_at, updated_at, is_ad, is_pinned, collect_count) VALUES ('05aee14e-4835-4b92-9968-086af7d3e748', '219479415064570800', '35fbcf46-7496-476b-88ca-7af694330543', 'Video 3 for music_vibes #tiktok', 'https://picsum.photos/seed/219479415064570800/300/500', 'https://www.tiktok.com/@music_vibes/video/219479415064570800', 217432, 15719, 1071, 3560, '2026-01-21T13:36:08.030Z', NOW(), NOW(), false, false, 0);
INSERT INTO public.tiktok_videos (id, video_id, account_id, description, cover_url, web_video_url, play_count, digg_count, comment_count, share_count, create_time, created_at, updated_at, is_ad, is_pinned, collect_count) VALUES ('812b80f7-b520-471e-a2fc-b73e6a80484d', '948953905458693200', '35fbcf46-7496-476b-88ca-7af694330543', 'Video 4 for music_vibes #tiktok', 'https://picsum.photos/seed/948953905458693200/300/500', 'https://www.tiktok.com/@music_vibes/video/948953905458693200', 100687, 9638, 826, 1156, '2026-01-16T13:36:08.030Z', NOW(), NOW(), false, false, 0);
INSERT INTO public.tiktok_videos (id, video_id, account_id, description, cover_url, web_video_url, play_count, digg_count, comment_count, share_count, create_time, created_at, updated_at, is_ad, is_pinned, collect_count) VALUES ('df11805b-bed5-42f9-ae9f-9bc1fe39a850', '587948043272328600', '35fbcf46-7496-476b-88ca-7af694330543', 'Video 5 for music_vibes #tiktok', 'https://picsum.photos/seed/587948043272328600/300/500', 'https://www.tiktok.com/@music_vibes/video/587948043272328600', 77843, 6850, 355, 994, '2026-01-19T13:36:08.030Z', NOW(), NOW(), false, false, 0);
INSERT INTO public.tiktok_videos (id, video_id, account_id, description, cover_url, web_video_url, play_count, digg_count, comment_count, share_count, create_time, created_at, updated_at, is_ad, is_pinned, collect_count) VALUES ('68c12d3a-65ed-402c-bad7-5114c4e6418e', '311268509464799700', '35fbcf46-7496-476b-88ca-7af694330543', 'Video 6 for music_vibes #tiktok', 'https://picsum.photos/seed/311268509464799700/300/500', 'https://www.tiktok.com/@music_vibes/video/311268509464799700', 434770, 53632, 4384, 6246, '2026-01-19T13:36:08.030Z', NOW(), NOW(), false, false, 0);
INSERT INTO public.tiktok_videos (id, video_id, account_id, description, cover_url, web_video_url, play_count, digg_count, comment_count, share_count, create_time, created_at, updated_at, is_ad, is_pinned, collect_count) VALUES ('280f7dda-1bed-4f35-adfe-25961b9c6476', '602054578105443100', '35fbcf46-7496-476b-88ca-7af694330543', 'Video 7 for music_vibes #tiktok', 'https://picsum.photos/seed/602054578105443100/300/500', 'https://www.tiktok.com/@music_vibes/video/602054578105443100', 138470, 16527, 783, 586, '2026-01-15T13:36:08.030Z', NOW(), NOW(), false, false, 0);
INSERT INTO public.tiktok_videos (id, video_id, account_id, description, cover_url, web_video_url, play_count, digg_count, comment_count, share_count, create_time, created_at, updated_at, is_ad, is_pinned, collect_count) VALUES ('3ab2f4be-969f-4903-a040-777ad7e9a710', '122986823860951840', '35fbcf46-7496-476b-88ca-7af694330543', 'Video 8 for music_vibes #tiktok', 'https://picsum.photos/seed/122986823860951840/300/500', 'https://www.tiktok.com/@music_vibes/video/122986823860951840', 135899, 18101, 1337, 1073, '2026-01-26T13:36:08.030Z', NOW(), NOW(), false, false, 0);
INSERT INTO public.tiktok_videos (id, video_id, account_id, description, cover_url, web_video_url, play_count, digg_count, comment_count, share_count, create_time, created_at, updated_at, is_ad, is_pinned, collect_count) VALUES ('7a6aeae5-21dc-41fa-bf53-01f995cfd495', '253884432267645120', '35fbcf46-7496-476b-88ca-7af694330543', 'Video 9 for music_vibes #tiktok', 'https://picsum.photos/seed/253884432267645120/300/500', 'https://www.tiktok.com/@music_vibes/video/253884432267645120', 408528, 38558, 3766, 7261, '2026-01-14T13:36:08.030Z', NOW(), NOW(), false, false, 0);
INSERT INTO public.tiktok_videos (id, video_id, account_id, description, cover_url, web_video_url, play_count, digg_count, comment_count, share_count, create_time, created_at, updated_at, is_ad, is_pinned, collect_count) VALUES ('5e387516-8c4f-4aa0-aed5-bce6cf28320e', '272886544949776160', '35fbcf46-7496-476b-88ca-7af694330543', 'Video 10 for music_vibes #tiktok', 'https://picsum.photos/seed/272886544949776160/300/500', 'https://www.tiktok.com/@music_vibes/video/272886544949776160', 119430, 16633, 1009, 157, '2026-01-13T13:36:08.030Z', NOW(), NOW(), false, false, 0);
INSERT INTO public.daily_snapshots (id, account_id, date, total_views, total_likes, total_comments, total_shares, video_count, created_at) VALUES ('4b712b3d-ab29-4290-9470-c20168ab1702', '35fbcf46-7496-476b-88ca-7af694330543', '2026-01-02', 1222712, 117244, 7881, 15884, 6, NOW());
INSERT INTO public.daily_snapshots (id, account_id, date, total_views, total_likes, total_comments, total_shares, video_count, created_at) VALUES ('993810cf-1b53-41fe-9192-726b65136a1d', '35fbcf46-7496-476b-88ca-7af694330543', '2026-01-03', 1265185, 120925, 8193, 16581, 10, NOW());
INSERT INTO public.daily_snapshots (id, account_id, date, total_views, total_likes, total_comments, total_shares, video_count, created_at) VALUES ('d5f6bedc-2549-4639-9c47-2f5ce340dd16', '35fbcf46-7496-476b-88ca-7af694330543', '2026-01-04', 1288044, 123511, 8574, 17249, 6, NOW());
INSERT INTO public.daily_snapshots (id, account_id, date, total_views, total_likes, total_comments, total_shares, video_count, created_at) VALUES ('af12fa1b-08d9-4f29-990d-9b6a7bd5a065', '35fbcf46-7496-476b-88ca-7af694330543', '2026-01-05', 1328969, 129041, 8841, 17546, 11, NOW());
INSERT INTO public.daily_snapshots (id, account_id, date, total_views, total_likes, total_comments, total_shares, video_count, created_at) VALUES ('1847e655-e976-4a47-979d-e5f62b5c1735', '35fbcf46-7496-476b-88ca-7af694330543', '2026-01-06', 1385588, 131278, 9092, 18168, 5, NOW());
INSERT INTO public.daily_snapshots (id, account_id, date, total_views, total_likes, total_comments, total_shares, video_count, created_at) VALUES ('c09742dd-759a-4bf5-b04c-19624a9bf211', '35fbcf46-7496-476b-88ca-7af694330543', '2026-01-07', 1406068, 134903, 9344, 18701, 8, NOW());
INSERT INTO public.daily_snapshots (id, account_id, date, total_views, total_likes, total_comments, total_shares, video_count, created_at) VALUES ('8433973f-6dbd-42ce-a7e6-f2a99053d727', '35fbcf46-7496-476b-88ca-7af694330543', '2026-01-08', 1445714, 137438, 9541, 19334, 5, NOW());
INSERT INTO public.daily_snapshots (id, account_id, date, total_views, total_likes, total_comments, total_shares, video_count, created_at) VALUES ('df7df69a-91dd-4b8a-84ba-d4eaee7add5e', '35fbcf46-7496-476b-88ca-7af694330543', '2026-01-09', 1486787, 141771, 9794, 19941, 7, NOW());
INSERT INTO public.daily_snapshots (id, account_id, date, total_views, total_likes, total_comments, total_shares, video_count, created_at) VALUES ('f0645400-d05d-40da-ab6b-c28da6e247e8', '35fbcf46-7496-476b-88ca-7af694330543', '2026-01-10', 1544923, 144309, 10013, 20536, 6, NOW());
INSERT INTO public.daily_snapshots (id, account_id, date, total_views, total_likes, total_comments, total_shares, video_count, created_at) VALUES ('372459d3-c100-42c1-b2d0-a6424150eae4', '35fbcf46-7496-476b-88ca-7af694330543', '2026-01-11', 1589486, 148368, 10196, 20925, 8, NOW());
INSERT INTO public.daily_snapshots (id, account_id, date, total_views, total_likes, total_comments, total_shares, video_count, created_at) VALUES ('9fff9d28-2e40-406f-9bc1-f18f2ccf85df', '35fbcf46-7496-476b-88ca-7af694330543', '2026-01-12', 1633446, 151693, 10390, 21525, 11, NOW());
INSERT INTO public.daily_snapshots (id, account_id, date, total_views, total_likes, total_comments, total_shares, video_count, created_at) VALUES ('b71e8cb0-387a-486c-b7f2-1a721700f28a', '35fbcf46-7496-476b-88ca-7af694330543', '2026-01-13', 1669240, 155370, 10618, 21977, 8, NOW());
INSERT INTO public.daily_snapshots (id, account_id, date, total_views, total_likes, total_comments, total_shares, video_count, created_at) VALUES ('40252e1d-fe7b-49d2-9818-9041c4b69408', '35fbcf46-7496-476b-88ca-7af694330543', '2026-01-14', 1705283, 159979, 10961, 22285, 9, NOW());
INSERT INTO public.daily_snapshots (id, account_id, date, total_views, total_likes, total_comments, total_shares, video_count, created_at) VALUES ('a6dcb88e-5964-4ac9-a248-cbb80f1d17ab', '35fbcf46-7496-476b-88ca-7af694330543', '2026-01-15', 1726256, 162322, 11221, 22988, 12, NOW());
INSERT INTO public.daily_snapshots (id, account_id, date, total_views, total_likes, total_comments, total_shares, video_count, created_at) VALUES ('e7899c42-8670-49f2-b575-3b80ee2f471e', '35fbcf46-7496-476b-88ca-7af694330543', '2026-01-16', 1755374, 165368, 11497, 23653, 11, NOW());
INSERT INTO public.daily_snapshots (id, account_id, date, total_views, total_likes, total_comments, total_shares, video_count, created_at) VALUES ('fe723bd7-bbf6-4d38-a6db-0a37d738a922', '35fbcf46-7496-476b-88ca-7af694330543', '2026-01-17', 1791864, 167861, 11751, 24231, 12, NOW());
INSERT INTO public.daily_snapshots (id, account_id, date, total_views, total_likes, total_comments, total_shares, video_count, created_at) VALUES ('054abe36-034d-47e8-a5e0-f626dd1e6ea6', '35fbcf46-7496-476b-88ca-7af694330543', '2026-01-18', 1815472, 170270, 12110, 24708, 7, NOW());
INSERT INTO public.daily_snapshots (id, account_id, date, total_views, total_likes, total_comments, total_shares, video_count, created_at) VALUES ('082e17f4-e0be-458f-a8a8-2eeddfab1047', '35fbcf46-7496-476b-88ca-7af694330543', '2026-01-19', 1866958, 173104, 12359, 25056, 13, NOW());
INSERT INTO public.daily_snapshots (id, account_id, date, total_views, total_likes, total_comments, total_shares, video_count, created_at) VALUES ('1672dfcf-331f-46c6-b625-f4e9293930e6', '35fbcf46-7496-476b-88ca-7af694330543', '2026-01-20', 1910096, 176334, 12536, 25384, 9, NOW());
INSERT INTO public.daily_snapshots (id, account_id, date, total_views, total_likes, total_comments, total_shares, video_count, created_at) VALUES ('164fa3d8-579b-4083-bddb-953ba3a6322f', '35fbcf46-7496-476b-88ca-7af694330543', '2026-01-21', 1950666, 179357, 12684, 25861, 14, NOW());
INSERT INTO public.daily_snapshots (id, account_id, date, total_views, total_likes, total_comments, total_shares, video_count, created_at) VALUES ('ab294cc2-08e4-496e-9e28-162d3e7d2ee2', '35fbcf46-7496-476b-88ca-7af694330543', '2026-01-22', 2002030, 183238, 13035, 26284, 11, NOW());
INSERT INTO public.daily_snapshots (id, account_id, date, total_views, total_likes, total_comments, total_shares, video_count, created_at) VALUES ('89e68697-e5b5-4df0-b44f-ba5afae04ab8', '35fbcf46-7496-476b-88ca-7af694330543', '2026-01-23', 2024887, 187731, 13264, 26595, 9, NOW());
INSERT INTO public.daily_snapshots (id, account_id, date, total_views, total_likes, total_comments, total_shares, video_count, created_at) VALUES ('47ff5426-67ad-48e7-a07f-f71dc2915543', '35fbcf46-7496-476b-88ca-7af694330543', '2026-01-24', 2055469, 193237, 13474, 26918, 6, NOW());
INSERT INTO public.daily_snapshots (id, account_id, date, total_views, total_likes, total_comments, total_shares, video_count, created_at) VALUES ('b8d38b10-f285-462f-83dc-122f121ab613', '35fbcf46-7496-476b-88ca-7af694330543', '2026-01-25', 2099413, 197593, 13756, 27619, 8, NOW());
INSERT INTO public.daily_snapshots (id, account_id, date, total_views, total_likes, total_comments, total_shares, video_count, created_at) VALUES ('a33ada49-e48b-492e-bf3e-902bf0f7eabe', '35fbcf46-7496-476b-88ca-7af694330543', '2026-01-26', 2154215, 202249, 13936, 28115, 11, NOW());
INSERT INTO public.daily_snapshots (id, account_id, date, total_views, total_likes, total_comments, total_shares, video_count, created_at) VALUES ('20aec0cb-e4a9-4b89-b5a0-86c9bfe360fd', '35fbcf46-7496-476b-88ca-7af694330543', '2026-01-27', 2185693, 206970, 14130, 28717, 14, NOW());
INSERT INTO public.daily_snapshots (id, account_id, date, total_views, total_likes, total_comments, total_shares, video_count, created_at) VALUES ('9fecd026-64d0-479d-8335-bbf1c16bb773', '35fbcf46-7496-476b-88ca-7af694330543', '2026-01-28', 2234956, 210016, 14496, 28980, 5, NOW());
INSERT INTO public.daily_snapshots (id, account_id, date, total_views, total_likes, total_comments, total_shares, video_count, created_at) VALUES ('c7aacfac-3ef4-4ac3-a5ed-de6c9b0fb649', '35fbcf46-7496-476b-88ca-7af694330543', '2026-01-29', 2271419, 214639, 14688, 29444, 6, NOW());
INSERT INTO public.daily_snapshots (id, account_id, date, total_views, total_likes, total_comments, total_shares, video_count, created_at) VALUES ('72cd318c-ab5d-4300-aff0-1b3e253fc273', '35fbcf46-7496-476b-88ca-7af694330543', '2026-01-30', 2295294, 218970, 15024, 30126, 5, NOW());
INSERT INTO public.daily_snapshots (id, account_id, date, total_views, total_likes, total_comments, total_shares, video_count, created_at) VALUES ('0cc4147d-7df5-4ce8-9d72-c6a37ff86f1d', '35fbcf46-7496-476b-88ca-7af694330543', '2026-01-31', 2341466, 220935, 15384, 30539, 12, NOW());
INSERT INTO public.tiktok_accounts (id, username, nickname, avatar_url, follower_count, following_count, heart_count, video_count, is_active, created_at) VALUES ('1cc8d006-ae4f-461b-a9b0-87279dd8377c', 'comedy_central', 'Comedy Central', 'https://api.dicebear.com/7.x/avataaars/svg?seed=comedy_central', 297389, 190, 81375, 74, true, NOW());
INSERT INTO public.tiktok_videos (id, video_id, account_id, description, cover_url, web_video_url, play_count, digg_count, comment_count, share_count, create_time, created_at, updated_at, is_ad, is_pinned, collect_count) VALUES ('b4bc44ee-e468-49f6-b788-4d018c2d4cf7', '964174366765398400', '1cc8d006-ae4f-461b-a9b0-87279dd8377c', 'Video 1 for comedy_central #tiktok', 'https://picsum.photos/seed/964174366765398400/300/500', 'https://www.tiktok.com/@comedy_central/video/964174366765398400', 119648, 12657, 806, 459, '2026-01-03T13:36:08.030Z', NOW(), NOW(), false, false, 0);
INSERT INTO public.tiktok_videos (id, video_id, account_id, description, cover_url, web_video_url, play_count, digg_count, comment_count, share_count, create_time, created_at, updated_at, is_ad, is_pinned, collect_count) VALUES ('729ba5af-d30f-44ed-84fc-b12ab1ecd5d5', '344248286706862600', '1cc8d006-ae4f-461b-a9b0-87279dd8377c', 'Video 2 for comedy_central #tiktok', 'https://picsum.photos/seed/344248286706862600/300/500', 'https://www.tiktok.com/@comedy_central/video/344248286706862600', 407247, 47374, 3450, 4564, '2026-01-06T13:36:08.030Z', NOW(), NOW(), false, false, 0);
INSERT INTO public.tiktok_videos (id, video_id, account_id, description, cover_url, web_video_url, play_count, digg_count, comment_count, share_count, create_time, created_at, updated_at, is_ad, is_pinned, collect_count) VALUES ('546ae41e-11d9-4efc-9e88-2f2a93735614', '713486140264588200', '1cc8d006-ae4f-461b-a9b0-87279dd8377c', 'Video 3 for comedy_central #tiktok', 'https://picsum.photos/seed/713486140264588200/300/500', 'https://www.tiktok.com/@comedy_central/video/713486140264588200', 298191, 29719, 2648, 4168, '2026-01-24T13:36:08.030Z', NOW(), NOW(), false, false, 0);
INSERT INTO public.tiktok_videos (id, video_id, account_id, description, cover_url, web_video_url, play_count, digg_count, comment_count, share_count, create_time, created_at, updated_at, is_ad, is_pinned, collect_count) VALUES ('57a6dc3d-700b-4ff0-96ed-a28792cd73b2', '975514362637346000', '1cc8d006-ae4f-461b-a9b0-87279dd8377c', 'Video 4 for comedy_central #tiktok', 'https://picsum.photos/seed/975514362637346000/300/500', 'https://www.tiktok.com/@comedy_central/video/975514362637346000', 479332, 38955, 1857, 5434, '2026-01-23T13:36:08.030Z', NOW(), NOW(), false, false, 0);
INSERT INTO public.tiktok_videos (id, video_id, account_id, description, cover_url, web_video_url, play_count, digg_count, comment_count, share_count, create_time, created_at, updated_at, is_ad, is_pinned, collect_count) VALUES ('d78a9fda-9948-46fc-898a-86d3ddfbc038', '350559422924881540', '1cc8d006-ae4f-461b-a9b0-87279dd8377c', 'Video 5 for comedy_central #tiktok', 'https://picsum.photos/seed/350559422924881540/300/500', 'https://www.tiktok.com/@comedy_central/video/350559422924881540', 101672, 14508, 519, 1154, '2026-01-22T13:36:08.030Z', NOW(), NOW(), false, false, 0);
INSERT INTO public.tiktok_videos (id, video_id, account_id, description, cover_url, web_video_url, play_count, digg_count, comment_count, share_count, create_time, created_at, updated_at, is_ad, is_pinned, collect_count) VALUES ('d15f8ec0-4009-41bb-ab22-9f081a3dc16c', '973903546159389700', '1cc8d006-ae4f-461b-a9b0-87279dd8377c', 'Video 6 for comedy_central #tiktok', 'https://picsum.photos/seed/973903546159389700/300/500', 'https://www.tiktok.com/@comedy_central/video/973903546159389700', 44152, 3931, 359, 213, '2026-01-16T13:36:08.030Z', NOW(), NOW(), false, false, 0);
INSERT INTO public.tiktok_videos (id, video_id, account_id, description, cover_url, web_video_url, play_count, digg_count, comment_count, share_count, create_time, created_at, updated_at, is_ad, is_pinned, collect_count) VALUES ('a4c7dd30-ef54-4c74-8a7e-b08b636031f7', '561969284888787500', '1cc8d006-ae4f-461b-a9b0-87279dd8377c', 'Video 7 for comedy_central #tiktok', 'https://picsum.photos/seed/561969284888787500/300/500', 'https://www.tiktok.com/@comedy_central/video/561969284888787500', 397123, 35779, 2788, 2876, '2026-01-20T13:36:08.030Z', NOW(), NOW(), false, false, 0);
INSERT INTO public.tiktok_videos (id, video_id, account_id, description, cover_url, web_video_url, play_count, digg_count, comment_count, share_count, create_time, created_at, updated_at, is_ad, is_pinned, collect_count) VALUES ('65122155-25fc-4260-bbbc-cb46b840fc74', '385109629169808260', '1cc8d006-ae4f-461b-a9b0-87279dd8377c', 'Video 8 for comedy_central #tiktok', 'https://picsum.photos/seed/385109629169808260/300/500', 'https://www.tiktok.com/@comedy_central/video/385109629169808260', 427071, 62617, 2425, 2724, '2026-01-23T13:36:08.030Z', NOW(), NOW(), false, false, 0);
INSERT INTO public.tiktok_videos (id, video_id, account_id, description, cover_url, web_video_url, play_count, digg_count, comment_count, share_count, create_time, created_at, updated_at, is_ad, is_pinned, collect_count) VALUES ('e274306d-b725-4764-afdb-14ee8a0559b5', '700493514666914300', '1cc8d006-ae4f-461b-a9b0-87279dd8377c', 'Video 9 for comedy_central #tiktok', 'https://picsum.photos/seed/700493514666914300/300/500', 'https://www.tiktok.com/@comedy_central/video/700493514666914300', 428498, 60536, 553, 2157, '2026-01-05T13:36:08.030Z', NOW(), NOW(), false, false, 0);
INSERT INTO public.tiktok_videos (id, video_id, account_id, description, cover_url, web_video_url, play_count, digg_count, comment_count, share_count, create_time, created_at, updated_at, is_ad, is_pinned, collect_count) VALUES ('4456ff29-2a75-4814-846d-952c91ce9353', '769468896165423100', '1cc8d006-ae4f-461b-a9b0-87279dd8377c', 'Video 10 for comedy_central #tiktok', 'https://picsum.photos/seed/769468896165423100/300/500', 'https://www.tiktok.com/@comedy_central/video/769468896165423100', 443559, 31917, 1352, 7018, '2026-01-10T13:36:08.030Z', NOW(), NOW(), false, false, 0);
INSERT INTO public.daily_snapshots (id, account_id, date, total_views, total_likes, total_comments, total_shares, video_count, created_at) VALUES ('050c7eed-5a6f-4016-9484-27fb2a7ebf4b', '1cc8d006-ae4f-461b-a9b0-87279dd8377c', '2026-01-02', 1621613, 176582, 8625, 15735, 6, NOW());
INSERT INTO public.daily_snapshots (id, account_id, date, total_views, total_likes, total_comments, total_shares, video_count, created_at) VALUES ('c6a790a2-df69-4062-afcc-f61bbe4a04c7', '1cc8d006-ae4f-461b-a9b0-87279dd8377c', '2026-01-03', 1652741, 180367, 8803, 16373, 11, NOW());
INSERT INTO public.daily_snapshots (id, account_id, date, total_views, total_likes, total_comments, total_shares, video_count, created_at) VALUES ('e778d818-b07f-42f9-86bf-36a6092c5c34', '1cc8d006-ae4f-461b-a9b0-87279dd8377c', '2026-01-04', 1720060, 185770, 8980, 16736, 5, NOW());
INSERT INTO public.daily_snapshots (id, account_id, date, total_views, total_likes, total_comments, total_shares, video_count, created_at) VALUES ('1282d40b-8b4e-4279-a21e-2966ae6cc198', '1cc8d006-ae4f-461b-a9b0-87279dd8377c', '2026-01-05', 1788772, 189450, 9389, 17354, 15, NOW());
INSERT INTO public.daily_snapshots (id, account_id, date, total_views, total_likes, total_comments, total_shares, video_count, created_at) VALUES ('c24eda0d-f2b2-4895-8d3b-a1f778097bb6', '1cc8d006-ae4f-461b-a9b0-87279dd8377c', '2026-01-06', 1823774, 194246, 9768, 17805, 7, NOW());
INSERT INTO public.daily_snapshots (id, account_id, date, total_views, total_likes, total_comments, total_shares, video_count, created_at) VALUES ('4be2373a-1f07-4365-9e32-14b25b404843', '1cc8d006-ae4f-461b-a9b0-87279dd8377c', '2026-01-07', 1895300, 201018, 10018, 18309, 8, NOW());
INSERT INTO public.daily_snapshots (id, account_id, date, total_views, total_likes, total_comments, total_shares, video_count, created_at) VALUES ('b7ff50ae-d288-416a-92ec-2d6025c7cb56', '1cc8d006-ae4f-461b-a9b0-87279dd8377c', '2026-01-08', 1966913, 208281, 10210, 18631, 7, NOW());
INSERT INTO public.daily_snapshots (id, account_id, date, total_views, total_likes, total_comments, total_shares, video_count, created_at) VALUES ('de32a4cc-6544-4782-b599-e369e5987e2c', '1cc8d006-ae4f-461b-a9b0-87279dd8377c', '2026-01-09', 2014659, 215193, 10569, 19346, 10, NOW());
INSERT INTO public.daily_snapshots (id, account_id, date, total_views, total_likes, total_comments, total_shares, video_count, created_at) VALUES ('3937ea7b-e9d9-4587-9e52-23b56664bf31', '1cc8d006-ae4f-461b-a9b0-87279dd8377c', '2026-01-10', 2081226, 219787, 10847, 19800, 7, NOW());
INSERT INTO public.daily_snapshots (id, account_id, date, total_views, total_likes, total_comments, total_shares, video_count, created_at) VALUES ('5798cc6a-9fe2-40ed-b424-ead9fbbe955f', '1cc8d006-ae4f-461b-a9b0-87279dd8377c', '2026-01-11', 2125134, 224040, 11260, 20334, 12, NOW());
INSERT INTO public.daily_snapshots (id, account_id, date, total_views, total_likes, total_comments, total_shares, video_count, created_at) VALUES ('e4a60c43-f2cc-4540-b64b-c808c0338e0d', '1cc8d006-ae4f-461b-a9b0-87279dd8377c', '2026-01-12', 2163380, 227974, 11592, 20819, 8, NOW());
INSERT INTO public.daily_snapshots (id, account_id, date, total_views, total_likes, total_comments, total_shares, video_count, created_at) VALUES ('064ee0d6-9fca-43ab-bb27-7528d3322bbf', '1cc8d006-ae4f-461b-a9b0-87279dd8377c', '2026-01-13', 2235323, 233050, 11845, 21356, 11, NOW());
INSERT INTO public.daily_snapshots (id, account_id, date, total_views, total_likes, total_comments, total_shares, video_count, created_at) VALUES ('e8764d47-8171-4a7d-b4f8-66fdbe2a1d4c', '1cc8d006-ae4f-461b-a9b0-87279dd8377c', '2026-01-14', 2277442, 239757, 12075, 21696, 10, NOW());
INSERT INTO public.daily_snapshots (id, account_id, date, total_views, total_likes, total_comments, total_shares, video_count, created_at) VALUES ('09e4f4b9-6f2b-4c7b-b0a8-c07e8586a9b3', '1cc8d006-ae4f-461b-a9b0-87279dd8377c', '2026-01-15', 2306895, 244779, 12233, 22084, 8, NOW());
INSERT INTO public.daily_snapshots (id, account_id, date, total_views, total_likes, total_comments, total_shares, video_count, created_at) VALUES ('dbd19e06-24f3-48f4-9f7f-197608bcbad9', '1cc8d006-ae4f-461b-a9b0-87279dd8377c', '2026-01-16', 2380264, 250433, 12586, 22688, 5, NOW());
INSERT INTO public.daily_snapshots (id, account_id, date, total_views, total_likes, total_comments, total_shares, video_count, created_at) VALUES ('25615392-8eca-46ba-8a1d-4c638ca913bc', '1cc8d006-ae4f-461b-a9b0-87279dd8377c', '2026-01-17', 2432327, 253733, 12783, 23118, 8, NOW());
INSERT INTO public.daily_snapshots (id, account_id, date, total_views, total_likes, total_comments, total_shares, video_count, created_at) VALUES ('799da26e-4a9f-4710-8f0f-52d443c556e5', '1cc8d006-ae4f-461b-a9b0-87279dd8377c', '2026-01-18', 2496150, 261838, 12941, 23814, 10, NOW());
INSERT INTO public.daily_snapshots (id, account_id, date, total_views, total_likes, total_comments, total_shares, video_count, created_at) VALUES ('24ac2b97-55a5-4105-9bf4-e9c5c29980a4', '1cc8d006-ae4f-461b-a9b0-87279dd8377c', '2026-01-19', 2556822, 265842, 13158, 24098, 14, NOW());
INSERT INTO public.daily_snapshots (id, account_id, date, total_views, total_likes, total_comments, total_shares, video_count, created_at) VALUES ('118df2fb-9f32-4620-b222-f78943f30730', '1cc8d006-ae4f-461b-a9b0-87279dd8377c', '2026-01-20', 2635284, 271993, 13387, 24483, 13, NOW());
INSERT INTO public.daily_snapshots (id, account_id, date, total_views, total_likes, total_comments, total_shares, video_count, created_at) VALUES ('3420cd4c-4f6e-4bd8-b010-c19af9350c8b', '1cc8d006-ae4f-461b-a9b0-87279dd8377c', '2026-01-21', 2662499, 275204, 13766, 24912, 10, NOW());
INSERT INTO public.daily_snapshots (id, account_id, date, total_views, total_likes, total_comments, total_shares, video_count, created_at) VALUES ('90049c4d-9944-4827-ae2c-e7ca811887d7', '1cc8d006-ae4f-461b-a9b0-87279dd8377c', '2026-01-22', 2710404, 281749, 14127, 25570, 10, NOW());
INSERT INTO public.daily_snapshots (id, account_id, date, total_views, total_likes, total_comments, total_shares, video_count, created_at) VALUES ('0d113f17-3997-4912-80d7-76e2c9058e6d', '1cc8d006-ae4f-461b-a9b0-87279dd8377c', '2026-01-23', 2757528, 287960, 14387, 25841, 6, NOW());
INSERT INTO public.daily_snapshots (id, account_id, date, total_views, total_likes, total_comments, total_shares, video_count, created_at) VALUES ('4126ca8c-b041-4fbe-94ca-06269147261f', '1cc8d006-ae4f-461b-a9b0-87279dd8377c', '2026-01-24', 2816038, 295644, 14790, 26301, 13, NOW());
INSERT INTO public.daily_snapshots (id, account_id, date, total_views, total_likes, total_comments, total_shares, video_count, created_at) VALUES ('836fb8f9-1e2c-4894-89ad-9dce8e55748e', '1cc8d006-ae4f-461b-a9b0-87279dd8377c', '2026-01-25', 2864899, 300242, 15140, 26585, 8, NOW());
INSERT INTO public.daily_snapshots (id, account_id, date, total_views, total_likes, total_comments, total_shares, video_count, created_at) VALUES ('34a73f65-da3d-4bb7-b952-cab5993ff6b5', '1cc8d006-ae4f-461b-a9b0-87279dd8377c', '2026-01-26', 2893414, 306411, 15383, 26962, 8, NOW());
INSERT INTO public.daily_snapshots (id, account_id, date, total_views, total_likes, total_comments, total_shares, video_count, created_at) VALUES ('733de9c7-fb79-4c60-ba00-080ed4fc906f', '1cc8d006-ae4f-461b-a9b0-87279dd8377c', '2026-01-27', 2937291, 311103, 15710, 27285, 13, NOW());
INSERT INTO public.daily_snapshots (id, account_id, date, total_views, total_likes, total_comments, total_shares, video_count, created_at) VALUES ('b6568fc7-b57f-48de-aeca-35ed36e01950', '1cc8d006-ae4f-461b-a9b0-87279dd8377c', '2026-01-28', 2966805, 317482, 15989, 27661, 15, NOW());
INSERT INTO public.daily_snapshots (id, account_id, date, total_views, total_likes, total_comments, total_shares, video_count, created_at) VALUES ('1b727b75-037b-4629-816b-232d0f80339e', '1cc8d006-ae4f-461b-a9b0-87279dd8377c', '2026-01-29', 3028086, 324231, 16185, 28296, 8, NOW());
INSERT INTO public.daily_snapshots (id, account_id, date, total_views, total_likes, total_comments, total_shares, video_count, created_at) VALUES ('b42e5289-00bf-41eb-99a7-5f562fad602d', '1cc8d006-ae4f-461b-a9b0-87279dd8377c', '2026-01-30', 3088200, 330561, 16506, 28564, 9, NOW());
INSERT INTO public.daily_snapshots (id, account_id, date, total_views, total_likes, total_comments, total_shares, video_count, created_at) VALUES ('0b3d8ab0-6777-4426-a06c-bd8eed9a5f1d', '1cc8d006-ae4f-461b-a9b0-87279dd8377c', '2026-01-31', 3129703, 334697, 16647, 29017, 14, NOW());
INSERT INTO public.tiktok_accounts (id, username, nickname, avatar_url, follower_count, following_count, heart_count, video_count, is_active, created_at) VALUES ('24d00026-f672-406d-a028-ae1491681c02', 'diy_master', 'Diy Master', 'https://api.dicebear.com/7.x/avataaars/svg?seed=diy_master', 605067, 53, 397384, 77, true, NOW());
INSERT INTO public.tiktok_videos (id, video_id, account_id, description, cover_url, web_video_url, play_count, digg_count, comment_count, share_count, create_time, created_at, updated_at, is_ad, is_pinned, collect_count) VALUES ('80c723b9-71ab-4f94-be81-e228d6dcd4a6', '281564908087232000', '24d00026-f672-406d-a028-ae1491681c02', 'Video 1 for diy_master #tiktok', 'https://picsum.photos/seed/281564908087232000/300/500', 'https://www.tiktok.com/@diy_master/video/281564908087232000', 190814, 13046, 1906, 1946, '2026-01-06T13:36:08.030Z', NOW(), NOW(), false, false, 0);
INSERT INTO public.tiktok_videos (id, video_id, account_id, description, cover_url, web_video_url, play_count, digg_count, comment_count, share_count, create_time, created_at, updated_at, is_ad, is_pinned, collect_count) VALUES ('5835233c-0ef8-4b72-9c64-d15fa3e08ce4', '61804128904448300', '24d00026-f672-406d-a028-ae1491681c02', 'Video 2 for diy_master #tiktok', 'https://picsum.photos/seed/61804128904448300/300/500', 'https://www.tiktok.com/@diy_master/video/61804128904448300', 74891, 5376, 220, 1109, '2026-01-24T13:36:08.030Z', NOW(), NOW(), false, false, 0);
INSERT INTO public.tiktok_videos (id, video_id, account_id, description, cover_url, web_video_url, play_count, digg_count, comment_count, share_count, create_time, created_at, updated_at, is_ad, is_pinned, collect_count) VALUES ('5d92f981-7323-49bf-98bc-76951d7b96bc', '638183479863456400', '24d00026-f672-406d-a028-ae1491681c02', 'Video 3 for diy_master #tiktok', 'https://picsum.photos/seed/638183479863456400/300/500', 'https://www.tiktok.com/@diy_master/video/638183479863456400', 469766, 43695, 1332, 4266, '2026-01-12T13:36:08.030Z', NOW(), NOW(), false, false, 0);
INSERT INTO public.tiktok_videos (id, video_id, account_id, description, cover_url, web_video_url, play_count, digg_count, comment_count, share_count, create_time, created_at, updated_at, is_ad, is_pinned, collect_count) VALUES ('49bb62c6-2659-4698-b561-fe70c7c9db47', '537053913357088200', '24d00026-f672-406d-a028-ae1491681c02', 'Video 4 for diy_master #tiktok', 'https://picsum.photos/seed/537053913357088200/300/500', 'https://www.tiktok.com/@diy_master/video/537053913357088200', 56270, 3492, 252, 1121, '2026-01-08T13:36:08.030Z', NOW(), NOW(), false, false, 0);
INSERT INTO public.tiktok_videos (id, video_id, account_id, description, cover_url, web_video_url, play_count, digg_count, comment_count, share_count, create_time, created_at, updated_at, is_ad, is_pinned, collect_count) VALUES ('9dc3b219-4531-46a8-8e9d-2ee32fe3c91e', '935855301547681800', '24d00026-f672-406d-a028-ae1491681c02', 'Video 5 for diy_master #tiktok', 'https://picsum.photos/seed/935855301547681800/300/500', 'https://www.tiktok.com/@diy_master/video/935855301547681800', 343855, 35302, 872, 608, '2026-01-16T13:36:08.030Z', NOW(), NOW(), false, false, 0);
INSERT INTO public.tiktok_videos (id, video_id, account_id, description, cover_url, web_video_url, play_count, digg_count, comment_count, share_count, create_time, created_at, updated_at, is_ad, is_pinned, collect_count) VALUES ('3dff9ecf-b4a1-46c7-a29b-19158c9b1482', '19306202628530000', '24d00026-f672-406d-a028-ae1491681c02', 'Video 6 for diy_master #tiktok', 'https://picsum.photos/seed/19306202628530000/300/500', 'https://www.tiktok.com/@diy_master/video/19306202628530000', 27630, 1812, 225, 529, '2026-01-09T13:36:08.030Z', NOW(), NOW(), false, false, 0);
INSERT INTO public.tiktok_videos (id, video_id, account_id, description, cover_url, web_video_url, play_count, digg_count, comment_count, share_count, create_time, created_at, updated_at, is_ad, is_pinned, collect_count) VALUES ('2a05c582-0311-44cc-a091-f8ee953e44f1', '776423168193143600', '24d00026-f672-406d-a028-ae1491681c02', 'Video 7 for diy_master #tiktok', 'https://picsum.photos/seed/776423168193143600/300/500', 'https://www.tiktok.com/@diy_master/video/776423168193143600', 186288, 26052, 1673, 272, '2026-01-25T13:36:08.030Z', NOW(), NOW(), false, false, 0);
INSERT INTO public.tiktok_videos (id, video_id, account_id, description, cover_url, web_video_url, play_count, digg_count, comment_count, share_count, create_time, created_at, updated_at, is_ad, is_pinned, collect_count) VALUES ('17df7525-0b4a-4214-9126-22540d783cb8', '384525855985665500', '24d00026-f672-406d-a028-ae1491681c02', 'Video 8 for diy_master #tiktok', 'https://picsum.photos/seed/384525855985665500/300/500', 'https://www.tiktok.com/@diy_master/video/384525855985665500', 357607, 48893, 1783, 1647, '2026-01-13T13:36:08.030Z', NOW(), NOW(), false, false, 0);
INSERT INTO public.tiktok_videos (id, video_id, account_id, description, cover_url, web_video_url, play_count, digg_count, comment_count, share_count, create_time, created_at, updated_at, is_ad, is_pinned, collect_count) VALUES ('f5b2f2f0-a3d8-43df-844f-1ed2a4e235ad', '339207306020519740', '24d00026-f672-406d-a028-ae1491681c02', 'Video 9 for diy_master #tiktok', 'https://picsum.photos/seed/339207306020519740/300/500', 'https://www.tiktok.com/@diy_master/video/339207306020519740', 85364, 8925, 209, 1252, '2026-01-07T13:36:08.030Z', NOW(), NOW(), false, false, 0);
INSERT INTO public.tiktok_videos (id, video_id, account_id, description, cover_url, web_video_url, play_count, digg_count, comment_count, share_count, create_time, created_at, updated_at, is_ad, is_pinned, collect_count) VALUES ('ec654bc2-e4fe-4e87-8471-0bfe883c2a45', '869008342647819100', '24d00026-f672-406d-a028-ae1491681c02', 'Video 10 for diy_master #tiktok', 'https://picsum.photos/seed/869008342647819100/300/500', 'https://www.tiktok.com/@diy_master/video/869008342647819100', 355691, 19210, 500, 1580, '2026-01-26T13:36:08.030Z', NOW(), NOW(), false, false, 0);
INSERT INTO public.daily_snapshots (id, account_id, date, total_views, total_likes, total_comments, total_shares, video_count, created_at) VALUES ('b85378b2-7066-4954-ad72-a73727217210', '24d00026-f672-406d-a028-ae1491681c02', '2026-01-02', 1110670, 105543, 4648, 7376, 12, NOW());
INSERT INTO public.daily_snapshots (id, account_id, date, total_views, total_likes, total_comments, total_shares, video_count, created_at) VALUES ('cbb24980-3f9c-489e-8205-3a729571b6bd', '24d00026-f672-406d-a028-ae1491681c02', '2026-01-03', 1131855, 108610, 4850, 7657, 13, NOW());
INSERT INTO public.daily_snapshots (id, account_id, date, total_views, total_likes, total_comments, total_shares, video_count, created_at) VALUES ('0b423149-0da5-4378-bcfc-63b41610767e', '24d00026-f672-406d-a028-ae1491681c02', '2026-01-04', 1164631, 111505, 5013, 7886, 7, NOW());
INSERT INTO public.daily_snapshots (id, account_id, date, total_views, total_likes, total_comments, total_shares, video_count, created_at) VALUES ('a0fd667b-5602-4e09-99f1-db9b91903257', '24d00026-f672-406d-a028-ae1491681c02', '2026-01-05', 1192131, 115070, 5198, 8182, 11, NOW());
INSERT INTO public.daily_snapshots (id, account_id, date, total_views, total_likes, total_comments, total_shares, video_count, created_at) VALUES ('ed9b76b7-04d8-45ae-86c9-d032cc88f0e7', '24d00026-f672-406d-a028-ae1491681c02', '2026-01-06', 1215827, 116870, 5385, 8466, 7, NOW());
INSERT INTO public.daily_snapshots (id, account_id, date, total_views, total_likes, total_comments, total_shares, video_count, created_at) VALUES ('9f10c4d0-12c4-40d6-ba35-25a9472efd9b', '24d00026-f672-406d-a028-ae1491681c02', '2026-01-07', 1244701, 118995, 5587, 8818, 12, NOW());
INSERT INTO public.daily_snapshots (id, account_id, date, total_views, total_likes, total_comments, total_shares, video_count, created_at) VALUES ('211b8480-d2bd-4f6a-81c2-5eb34b3ff1ab', '24d00026-f672-406d-a028-ae1491681c02', '2026-01-08', 1271093, 122336, 5806, 9008, 11, NOW());
INSERT INTO public.daily_snapshots (id, account_id, date, total_views, total_likes, total_comments, total_shares, video_count, created_at) VALUES ('a4da95b9-7782-48d0-9e47-0972c3ec72c3', '24d00026-f672-406d-a028-ae1491681c02', '2026-01-09', 1313885, 124468, 6010, 9301, 9, NOW());
INSERT INTO public.daily_snapshots (id, account_id, date, total_views, total_likes, total_comments, total_shares, video_count, created_at) VALUES ('5fd88e3c-3337-4fbc-b370-230af2c56bb1', '24d00026-f672-406d-a028-ae1491681c02', '2026-01-10', 1343797, 126908, 6136, 9552, 11, NOW());
INSERT INTO public.daily_snapshots (id, account_id, date, total_views, total_likes, total_comments, total_shares, video_count, created_at) VALUES ('99f9837d-a4d5-4531-b4b9-668d817d7fd0', '24d00026-f672-406d-a028-ae1491681c02', '2026-01-11', 1370642, 131917, 6351, 9795, 6, NOW());
INSERT INTO public.daily_snapshots (id, account_id, date, total_views, total_likes, total_comments, total_shares, video_count, created_at) VALUES ('2964d1b0-8ba3-46ac-93e5-8fb119eb5fdb', '24d00026-f672-406d-a028-ae1491681c02', '2026-01-12', 1409836, 133886, 6511, 10057, 11, NOW());
INSERT INTO public.daily_snapshots (id, account_id, date, total_views, total_likes, total_comments, total_shares, video_count, created_at) VALUES ('23e797d2-1649-4113-a57b-36deec345a81', '24d00026-f672-406d-a028-ae1491681c02', '2026-01-13', 1430884, 137122, 6710, 10181, 10, NOW());
INSERT INTO public.daily_snapshots (id, account_id, date, total_views, total_likes, total_comments, total_shares, video_count, created_at) VALUES ('369c56ca-1726-439e-8368-c8f6ae14ce7c', '24d00026-f672-406d-a028-ae1491681c02', '2026-01-14', 1458567, 140193, 6909, 10496, 15, NOW());
INSERT INTO public.daily_snapshots (id, account_id, date, total_views, total_likes, total_comments, total_shares, video_count, created_at) VALUES ('4228c53d-85b5-4f5d-a6c8-e9a8e6a8530a', '24d00026-f672-406d-a028-ae1491681c02', '2026-01-15', 1496881, 143481, 6990, 10665, 11, NOW());
INSERT INTO public.daily_snapshots (id, account_id, date, total_views, total_likes, total_comments, total_shares, video_count, created_at) VALUES ('121d461f-f3e9-41ba-a9af-d8299c372bb2', '24d00026-f672-406d-a028-ae1491681c02', '2026-01-16', 1540306, 148013, 7088, 10943, 11, NOW());
INSERT INTO public.daily_snapshots (id, account_id, date, total_views, total_likes, total_comments, total_shares, video_count, created_at) VALUES ('3820e35b-1c90-4fbf-9acd-9935fbe550dc', '24d00026-f672-406d-a028-ae1491681c02', '2026-01-17', 1584104, 151113, 7264, 11102, 10, NOW());
INSERT INTO public.daily_snapshots (id, account_id, date, total_views, total_likes, total_comments, total_shares, video_count, created_at) VALUES ('773a1f90-bb9a-4f5b-b51b-e8f76c12dc4d', '24d00026-f672-406d-a028-ae1491681c02', '2026-01-18', 1633978, 154231, 7438, 11452, 5, NOW());
INSERT INTO public.daily_snapshots (id, account_id, date, total_views, total_likes, total_comments, total_shares, video_count, created_at) VALUES ('12f7f24f-c1f9-4221-997e-8be380ee08f0', '24d00026-f672-406d-a028-ae1491681c02', '2026-01-19', 1657717, 156099, 7562, 11615, 14, NOW());
INSERT INTO public.daily_snapshots (id, account_id, date, total_views, total_likes, total_comments, total_shares, video_count, created_at) VALUES ('5860c73e-254c-4a88-a4a3-3e243df9ca51', '24d00026-f672-406d-a028-ae1491681c02', '2026-01-20', 1693824, 160027, 7697, 11815, 9, NOW());
INSERT INTO public.daily_snapshots (id, account_id, date, total_views, total_likes, total_comments, total_shares, video_count, created_at) VALUES ('ff306f0e-f919-459c-a835-2beecc2a6702', '24d00026-f672-406d-a028-ae1491681c02', '2026-01-21', 1743055, 162203, 7879, 11935, 9, NOW());
INSERT INTO public.daily_snapshots (id, account_id, date, total_views, total_likes, total_comments, total_shares, video_count, created_at) VALUES ('d634b93f-50eb-48eb-9269-4705f9fa7901', '24d00026-f672-406d-a028-ae1491681c02', '2026-01-22', 1775244, 163985, 8079, 12108, 10, NOW());
INSERT INTO public.daily_snapshots (id, account_id, date, total_views, total_likes, total_comments, total_shares, video_count, created_at) VALUES ('b8816896-cab9-431c-8c25-d2ac9b39a4a7', '24d00026-f672-406d-a028-ae1491681c02', '2026-01-23', 1815639, 166703, 8191, 12299, 5, NOW());
INSERT INTO public.daily_snapshots (id, account_id, date, total_views, total_likes, total_comments, total_shares, video_count, created_at) VALUES ('c87bc523-ac1a-4e52-80ef-103f2bfbd7fc', '24d00026-f672-406d-a028-ae1491681c02', '2026-01-24', 1857411, 170729, 8341, 12552, 10, NOW());
INSERT INTO public.daily_snapshots (id, account_id, date, total_views, total_likes, total_comments, total_shares, video_count, created_at) VALUES ('d9905234-4866-4190-b65a-0c2113d43036', '24d00026-f672-406d-a028-ae1491681c02', '2026-01-25', 1888462, 174308, 8422, 12892, 9, NOW());
INSERT INTO public.daily_snapshots (id, account_id, date, total_views, total_likes, total_comments, total_shares, video_count, created_at) VALUES ('a32c9a2e-8990-4aa0-9cdb-1dba6604d620', '24d00026-f672-406d-a028-ae1491681c02', '2026-01-26', 1921232, 179198, 8522, 13185, 6, NOW());
INSERT INTO public.daily_snapshots (id, account_id, date, total_views, total_likes, total_comments, total_shares, video_count, created_at) VALUES ('1f7e50c8-4af8-4894-9e4e-b3ea33ff47a1', '24d00026-f672-406d-a028-ae1491681c02', '2026-01-27', 1966185, 181739, 8667, 13434, 15, NOW());
INSERT INTO public.daily_snapshots (id, account_id, date, total_views, total_likes, total_comments, total_shares, video_count, created_at) VALUES ('b377e9cf-d789-4419-b6e3-1785d521fe62', '24d00026-f672-406d-a028-ae1491681c02', '2026-01-28', 1989751, 184407, 8848, 13748, 8, NOW());
INSERT INTO public.daily_snapshots (id, account_id, date, total_views, total_likes, total_comments, total_shares, video_count, created_at) VALUES ('051d444a-86e0-4222-afc7-7b18555a3856', '24d00026-f672-406d-a028-ae1491681c02', '2026-01-29', 2038546, 187924, 9039, 13976, 14, NOW());
INSERT INTO public.daily_snapshots (id, account_id, date, total_views, total_likes, total_comments, total_shares, video_count, created_at) VALUES ('76c710c9-f8e8-4b2a-9aac-3088e4500a33', '24d00026-f672-406d-a028-ae1491681c02', '2026-01-30', 2067308, 191461, 9188, 14131, 14, NOW());
INSERT INTO public.daily_snapshots (id, account_id, date, total_views, total_likes, total_comments, total_shares, video_count, created_at) VALUES ('a3444757-6ec2-45f0-9bd6-339024c5eca6', '24d00026-f672-406d-a028-ae1491681c02', '2026-01-31', 2111715, 193835, 9345, 14482, 6, NOW());
INSERT INTO public.tiktok_accounts (id, username, nickname, avatar_url, follower_count, following_count, heart_count, video_count, is_active, created_at) VALUES ('cfc9f187-8ec8-475c-8bf1-ebaab6fc9c81', 'science_lab', 'Science Lab', 'https://api.dicebear.com/7.x/avataaars/svg?seed=science_lab', 895625, 226, 282745, 71, true, NOW());
INSERT INTO public.tiktok_videos (id, video_id, account_id, description, cover_url, web_video_url, play_count, digg_count, comment_count, share_count, create_time, created_at, updated_at, is_ad, is_pinned, collect_count) VALUES ('2304ab84-3382-4be2-b85c-37be3613a1d9', '143909992702922480', 'cfc9f187-8ec8-475c-8bf1-ebaab6fc9c81', 'Video 1 for science_lab #tiktok', 'https://picsum.photos/seed/143909992702922480/300/500', 'https://www.tiktok.com/@science_lab/video/143909992702922480', 231099, 30968, 2223, 3323, '2026-01-11T13:36:08.030Z', NOW(), NOW(), false, false, 0);
INSERT INTO public.tiktok_videos (id, video_id, account_id, description, cover_url, web_video_url, play_count, digg_count, comment_count, share_count, create_time, created_at, updated_at, is_ad, is_pinned, collect_count) VALUES ('41f625f1-6b9b-440f-b3d1-7b621c138e8d', '941669050135014700', 'cfc9f187-8ec8-475c-8bf1-ebaab6fc9c81', 'Video 2 for science_lab #tiktok', 'https://picsum.photos/seed/941669050135014700/300/500', 'https://www.tiktok.com/@science_lab/video/941669050135014700', 99256, 8095, 344, 483, '2026-01-14T13:36:08.030Z', NOW(), NOW(), false, false, 0);
INSERT INTO public.tiktok_videos (id, video_id, account_id, description, cover_url, web_video_url, play_count, digg_count, comment_count, share_count, create_time, created_at, updated_at, is_ad, is_pinned, collect_count) VALUES ('d5697470-ff35-41a9-8093-80fd4c7ed61f', '515237158944502500', 'cfc9f187-8ec8-475c-8bf1-ebaab6fc9c81', 'Video 3 for science_lab #tiktok', 'https://picsum.photos/seed/515237158944502500/300/500', 'https://www.tiktok.com/@science_lab/video/515237158944502500', 169334, 11822, 1510, 1153, '2026-01-08T13:36:08.030Z', NOW(), NOW(), false, false, 0);
INSERT INTO public.tiktok_videos (id, video_id, account_id, description, cover_url, web_video_url, play_count, digg_count, comment_count, share_count, create_time, created_at, updated_at, is_ad, is_pinned, collect_count) VALUES ('878beb5e-a859-4a39-926e-0384c650368d', '255700678402432030', 'cfc9f187-8ec8-475c-8bf1-ebaab6fc9c81', 'Video 4 for science_lab #tiktok', 'https://picsum.photos/seed/255700678402432030/300/500', 'https://www.tiktok.com/@science_lab/video/255700678402432030', 23526, 3353, 214, 35, '2026-01-19T13:36:08.030Z', NOW(), NOW(), false, false, 0);
INSERT INTO public.tiktok_videos (id, video_id, account_id, description, cover_url, web_video_url, play_count, digg_count, comment_count, share_count, create_time, created_at, updated_at, is_ad, is_pinned, collect_count) VALUES ('d9d07d5d-b40c-4fa5-a6b1-f8a344e58500', '589043408780851700', 'cfc9f187-8ec8-475c-8bf1-ebaab6fc9c81', 'Video 5 for science_lab #tiktok', 'https://picsum.photos/seed/589043408780851700/300/500', 'https://www.tiktok.com/@science_lab/video/589043408780851700', 61129, 3535, 118, 336, '2026-01-08T13:36:08.030Z', NOW(), NOW(), false, false, 0);
INSERT INTO public.tiktok_videos (id, video_id, account_id, description, cover_url, web_video_url, play_count, digg_count, comment_count, share_count, create_time, created_at, updated_at, is_ad, is_pinned, collect_count) VALUES ('a1678cc1-90db-43d6-8711-ace2c89ded2d', '786121834365427000', 'cfc9f187-8ec8-475c-8bf1-ebaab6fc9c81', 'Video 6 for science_lab #tiktok', 'https://picsum.photos/seed/786121834365427000/300/500', 'https://www.tiktok.com/@science_lab/video/786121834365427000', 175585, 18578, 1465, 2126, '2026-01-10T13:36:08.030Z', NOW(), NOW(), false, false, 0);
INSERT INTO public.tiktok_videos (id, video_id, account_id, description, cover_url, web_video_url, play_count, digg_count, comment_count, share_count, create_time, created_at, updated_at, is_ad, is_pinned, collect_count) VALUES ('e2893786-f5f5-4a6f-88e5-ca0496782451', '820726025753676400', 'cfc9f187-8ec8-475c-8bf1-ebaab6fc9c81', 'Video 7 for science_lab #tiktok', 'https://picsum.photos/seed/820726025753676400/300/500', 'https://www.tiktok.com/@science_lab/video/820726025753676400', 496520, 72170, 4370, 2966, '2026-01-05T13:36:08.030Z', NOW(), NOW(), false, false, 0);
INSERT INTO public.tiktok_videos (id, video_id, account_id, description, cover_url, web_video_url, play_count, digg_count, comment_count, share_count, create_time, created_at, updated_at, is_ad, is_pinned, collect_count) VALUES ('16e96b49-0f6a-4959-a4c3-8b684549cdd8', '624140191747054600', 'cfc9f187-8ec8-475c-8bf1-ebaab6fc9c81', 'Video 8 for science_lab #tiktok', 'https://picsum.photos/seed/624140191747054600/300/500', 'https://www.tiktok.com/@science_lab/video/624140191747054600', 337566, 36757, 3282, 7034, '2026-01-17T13:36:08.030Z', NOW(), NOW(), false, false, 0);
INSERT INTO public.tiktok_videos (id, video_id, account_id, description, cover_url, web_video_url, play_count, digg_count, comment_count, share_count, create_time, created_at, updated_at, is_ad, is_pinned, collect_count) VALUES ('96a235ca-1b1d-46b3-babf-4fc7a5a33ee4', '151550533465636640', 'cfc9f187-8ec8-475c-8bf1-ebaab6fc9c81', 'Video 9 for science_lab #tiktok', 'https://picsum.photos/seed/151550533465636640/300/500', 'https://www.tiktok.com/@science_lab/video/151550533465636640', 423788, 44652, 2810, 7668, '2026-01-20T13:36:08.030Z', NOW(), NOW(), false, false, 0);
INSERT INTO public.tiktok_videos (id, video_id, account_id, description, cover_url, web_video_url, play_count, digg_count, comment_count, share_count, create_time, created_at, updated_at, is_ad, is_pinned, collect_count) VALUES ('2ec85628-c138-47f7-be5e-487ae2a2f0f4', '739190214463297400', 'cfc9f187-8ec8-475c-8bf1-ebaab6fc9c81', 'Video 10 for science_lab #tiktok', 'https://picsum.photos/seed/739190214463297400/300/500', 'https://www.tiktok.com/@science_lab/video/739190214463297400', 90642, 6787, 606, 994, '2026-01-10T13:36:08.030Z', NOW(), NOW(), false, false, 0);
INSERT INTO public.daily_snapshots (id, account_id, date, total_views, total_likes, total_comments, total_shares, video_count, created_at) VALUES ('48f92472-b70d-45c6-a019-9e9770277cda', 'cfc9f187-8ec8-475c-8bf1-ebaab6fc9c81', '2026-01-02', 1093090, 121850, 8701, 13654, 8, NOW());
INSERT INTO public.daily_snapshots (id, account_id, date, total_views, total_likes, total_comments, total_shares, video_count, created_at) VALUES ('96abea2a-0d79-4416-af22-95bc96179bfd', 'cfc9f187-8ec8-475c-8bf1-ebaab6fc9c81', '2026-01-03', 1140685, 125019, 9099, 14135, 5, NOW());
INSERT INTO public.daily_snapshots (id, account_id, date, total_views, total_likes, total_comments, total_shares, video_count, created_at) VALUES ('0c9ae452-03cd-4498-84bc-9eb04daee338', 'cfc9f187-8ec8-475c-8bf1-ebaab6fc9c81', '2026-01-04', 1178042, 129190, 9426, 14436, 9, NOW());
INSERT INTO public.daily_snapshots (id, account_id, date, total_views, total_likes, total_comments, total_shares, video_count, created_at) VALUES ('93b30161-a378-407f-945c-e5e69c79b753', 'cfc9f187-8ec8-475c-8bf1-ebaab6fc9c81', '2026-01-05', 1225353, 132105, 9756, 14662, 12, NOW());
INSERT INTO public.daily_snapshots (id, account_id, date, total_views, total_likes, total_comments, total_shares, video_count, created_at) VALUES ('1a95da40-1e30-48ae-bf5c-531f86774615', 'cfc9f187-8ec8-475c-8bf1-ebaab6fc9c81', '2026-01-06', 1269567, 137621, 10130, 15280, 10, NOW());
INSERT INTO public.daily_snapshots (id, account_id, date, total_views, total_likes, total_comments, total_shares, video_count, created_at) VALUES ('d35b79a3-fb8b-4adc-a3e9-c909d7fdc51a', 'cfc9f187-8ec8-475c-8bf1-ebaab6fc9c81', '2026-01-07', 1309622, 141971, 10488, 15678, 9, NOW());
INSERT INTO public.daily_snapshots (id, account_id, date, total_views, total_likes, total_comments, total_shares, video_count, created_at) VALUES ('9dac53b4-af2c-4a00-a29d-a97257d93a8d', 'cfc9f187-8ec8-475c-8bf1-ebaab6fc9c81', '2026-01-08', 1353436, 146979, 10712, 16141, 8, NOW());
INSERT INTO public.daily_snapshots (id, account_id, date, total_views, total_likes, total_comments, total_shares, video_count, created_at) VALUES ('c84dd43a-c1a7-4b2b-8231-c56f5031be20', 'cfc9f187-8ec8-475c-8bf1-ebaab6fc9c81', '2026-01-09', 1378913, 151003, 11054, 16533, 10, NOW());
INSERT INTO public.daily_snapshots (id, account_id, date, total_views, total_likes, total_comments, total_shares, video_count, created_at) VALUES ('d68807a0-363e-4665-9d35-c6535e2a3d5c', 'cfc9f187-8ec8-475c-8bf1-ebaab6fc9c81', '2026-01-10', 1406572, 154401, 11313, 17034, 8, NOW());
INSERT INTO public.daily_snapshots (id, account_id, date, total_views, total_likes, total_comments, total_shares, video_count, created_at) VALUES ('d7ba215b-34d8-4a34-9c7f-721c6aee7f08', 'cfc9f187-8ec8-475c-8bf1-ebaab6fc9c81', '2026-01-11', 1445030, 159867, 11659, 17556, 8, NOW());
INSERT INTO public.daily_snapshots (id, account_id, date, total_views, total_likes, total_comments, total_shares, video_count, created_at) VALUES ('7e4d71e8-e7fa-4d15-923d-d7241e32f7a1', 'cfc9f187-8ec8-475c-8bf1-ebaab6fc9c81', '2026-01-12', 1467370, 163042, 11824, 17862, 7, NOW());
INSERT INTO public.daily_snapshots (id, account_id, date, total_views, total_likes, total_comments, total_shares, video_count, created_at) VALUES ('be04203b-0c25-4e3b-9f0d-70dea50006c6', 'cfc9f187-8ec8-475c-8bf1-ebaab6fc9c81', '2026-01-13', 1495514, 166941, 12074, 18116, 10, NOW());
INSERT INTO public.daily_snapshots (id, account_id, date, total_views, total_likes, total_comments, total_shares, video_count, created_at) VALUES ('1554eecc-d490-49b7-8636-887333155c51', 'cfc9f187-8ec8-475c-8bf1-ebaab6fc9c81', '2026-01-14', 1537353, 172476, 12271, 18387, 12, NOW());
INSERT INTO public.daily_snapshots (id, account_id, date, total_views, total_likes, total_comments, total_shares, video_count, created_at) VALUES ('05f2f3c2-fa16-4486-81ba-e73d6c67881f', 'cfc9f187-8ec8-475c-8bf1-ebaab6fc9c81', '2026-01-15', 1588222, 174511, 12620, 18664, 5, NOW());
INSERT INTO public.daily_snapshots (id, account_id, date, total_views, total_likes, total_comments, total_shares, video_count, created_at) VALUES ('8cc056be-cc28-4fb3-8178-4dfccfbff41d', 'cfc9f187-8ec8-475c-8bf1-ebaab6fc9c81', '2026-01-16', 1615440, 178414, 12824, 19116, 10, NOW());
INSERT INTO public.daily_snapshots (id, account_id, date, total_views, total_likes, total_comments, total_shares, video_count, created_at) VALUES ('5157db63-52a0-4bc8-9c52-76207023283b', 'cfc9f187-8ec8-475c-8bf1-ebaab6fc9c81', '2026-01-17', 1634757, 182470, 13077, 19623, 6, NOW());
INSERT INTO public.daily_snapshots (id, account_id, date, total_views, total_likes, total_comments, total_shares, video_count, created_at) VALUES ('460cc30c-f1e4-4a43-962a-f9eaa14d1dfa', 'cfc9f187-8ec8-475c-8bf1-ebaab6fc9c81', '2026-01-18', 1664735, 188254, 13319, 20215, 12, NOW());
INSERT INTO public.daily_snapshots (id, account_id, date, total_views, total_likes, total_comments, total_shares, video_count, created_at) VALUES ('17dbc20b-3904-49f7-9a74-c12d843515a8', 'cfc9f187-8ec8-475c-8bf1-ebaab6fc9c81', '2026-01-19', 1695874, 190463, 13688, 20663, 6, NOW());
INSERT INTO public.daily_snapshots (id, account_id, date, total_views, total_likes, total_comments, total_shares, video_count, created_at) VALUES ('592f7288-cbde-4645-ab8e-a9a14a3e9c91', 'cfc9f187-8ec8-475c-8bf1-ebaab6fc9c81', '2026-01-20', 1742314, 194399, 14012, 21285, 12, NOW());
INSERT INTO public.daily_snapshots (id, account_id, date, total_views, total_likes, total_comments, total_shares, video_count, created_at) VALUES ('6a5ccd6d-2fdb-46ba-88ea-a2e95039ec52', 'cfc9f187-8ec8-475c-8bf1-ebaab6fc9c81', '2026-01-21', 1771578, 196805, 14217, 21654, 15, NOW());
INSERT INTO public.daily_snapshots (id, account_id, date, total_views, total_likes, total_comments, total_shares, video_count, created_at) VALUES ('aeb6a7d7-9532-4ce6-9a32-6a47c6c6d7aa', 'cfc9f187-8ec8-475c-8bf1-ebaab6fc9c81', '2026-01-22', 1821862, 200244, 14367, 21909, 11, NOW());
INSERT INTO public.daily_snapshots (id, account_id, date, total_views, total_likes, total_comments, total_shares, video_count, created_at) VALUES ('29e518ad-2f95-4ab3-8971-ab9b0b42095f', 'cfc9f187-8ec8-475c-8bf1-ebaab6fc9c81', '2026-01-23', 1861913, 202603, 14655, 22527, 5, NOW());
INSERT INTO public.daily_snapshots (id, account_id, date, total_views, total_likes, total_comments, total_shares, video_count, created_at) VALUES ('fe720397-91bb-4663-8a17-ac54b682c33d', 'cfc9f187-8ec8-475c-8bf1-ebaab6fc9c81', '2026-01-24', 1913449, 207387, 14888, 23148, 12, NOW());
INSERT INTO public.daily_snapshots (id, account_id, date, total_views, total_likes, total_comments, total_shares, video_count, created_at) VALUES ('da26deda-1555-423c-affa-fb99537fca57', 'cfc9f187-8ec8-475c-8bf1-ebaab6fc9c81', '2026-01-25', 1936132, 210648, 15123, 23527, 5, NOW());
INSERT INTO public.daily_snapshots (id, account_id, date, total_views, total_likes, total_comments, total_shares, video_count, created_at) VALUES ('4188522d-e8a1-4a50-a65b-73af072093e4', 'cfc9f187-8ec8-475c-8bf1-ebaab6fc9c81', '2026-01-26', 1967371, 213313, 15292, 23991, 10, NOW());
INSERT INTO public.daily_snapshots (id, account_id, date, total_views, total_likes, total_comments, total_shares, video_count, created_at) VALUES ('6edbc835-a525-4f53-8f37-905126a2101f', 'cfc9f187-8ec8-475c-8bf1-ebaab6fc9c81', '2026-01-27', 1986441, 217413, 15711, 24287, 5, NOW());
INSERT INTO public.daily_snapshots (id, account_id, date, total_views, total_likes, total_comments, total_shares, video_count, created_at) VALUES ('6ec2a2f4-1768-47cd-b148-e40c994a60c2', 'cfc9f187-8ec8-475c-8bf1-ebaab6fc9c81', '2026-01-28', 2009427, 219497, 15972, 24704, 12, NOW());
INSERT INTO public.daily_snapshots (id, account_id, date, total_views, total_likes, total_comments, total_shares, video_count, created_at) VALUES ('e8e25a69-b5de-42b7-a57c-d3444b9d25da', 'cfc9f187-8ec8-475c-8bf1-ebaab6fc9c81', '2026-01-29', 2048208, 221861, 16214, 25169, 7, NOW());
INSERT INTO public.daily_snapshots (id, account_id, date, total_views, total_likes, total_comments, total_shares, video_count, created_at) VALUES ('011fed20-77f0-4d22-8f20-c06430d9ef58', 'cfc9f187-8ec8-475c-8bf1-ebaab6fc9c81', '2026-01-30', 2098986, 226176, 16610, 25565, 5, NOW());
INSERT INTO public.daily_snapshots (id, account_id, date, total_views, total_likes, total_comments, total_shares, video_count, created_at) VALUES ('21330a4c-0f57-4ade-8293-ba3f2be2ddbe', 'cfc9f187-8ec8-475c-8bf1-ebaab6fc9c81', '2026-01-31', 2147862, 230420, 16892, 26036, 5, NOW());
INSERT INTO public.tiktok_accounts (id, username, nickname, avatar_url, follower_count, following_count, heart_count, video_count, is_active, created_at) VALUES ('f1afec37-8de8-4402-ab4f-c0ed8f16b564', 'pet_lovers', 'Pet Lovers', 'https://api.dicebear.com/7.x/avataaars/svg?seed=pet_lovers', 252600, 497, 124989, 75, true, NOW());
INSERT INTO public.tiktok_videos (id, video_id, account_id, description, cover_url, web_video_url, play_count, digg_count, comment_count, share_count, create_time, created_at, updated_at, is_ad, is_pinned, collect_count) VALUES ('3f6cbfb9-c478-4ef3-b61c-256925d659a5', '773183914443818200', 'f1afec37-8de8-4402-ab4f-c0ed8f16b564', 'Video 1 for pet_lovers #tiktok', 'https://picsum.photos/seed/773183914443818200/300/500', 'https://www.tiktok.com/@pet_lovers/video/773183914443818200', 75729, 5235, 625, 569, '2026-01-22T13:36:08.030Z', NOW(), NOW(), false, false, 0);
INSERT INTO public.tiktok_videos (id, video_id, account_id, description, cover_url, web_video_url, play_count, digg_count, comment_count, share_count, create_time, created_at, updated_at, is_ad, is_pinned, collect_count) VALUES ('092c3b42-ba0b-48ac-83e5-a361172a8931', '239533763365415200', 'f1afec37-8de8-4402-ab4f-c0ed8f16b564', 'Video 2 for pet_lovers #tiktok', 'https://picsum.photos/seed/239533763365415200/300/500', 'https://www.tiktok.com/@pet_lovers/video/239533763365415200', 153913, 19254, 1036, 2056, '2026-01-02T13:36:08.030Z', NOW(), NOW(), false, false, 0);
INSERT INTO public.tiktok_videos (id, video_id, account_id, description, cover_url, web_video_url, play_count, digg_count, comment_count, share_count, create_time, created_at, updated_at, is_ad, is_pinned, collect_count) VALUES ('81c3cf61-68c4-4f14-8005-5d5899c7be4d', '557605923257019840', 'f1afec37-8de8-4402-ab4f-c0ed8f16b564', 'Video 3 for pet_lovers #tiktok', 'https://picsum.photos/seed/557605923257019840/300/500', 'https://www.tiktok.com/@pet_lovers/video/557605923257019840', 212862, 30523, 1182, 3319, '2026-01-21T13:36:08.030Z', NOW(), NOW(), false, false, 0);
INSERT INTO public.tiktok_videos (id, video_id, account_id, description, cover_url, web_video_url, play_count, digg_count, comment_count, share_count, create_time, created_at, updated_at, is_ad, is_pinned, collect_count) VALUES ('ecc160ca-2d98-4f0d-a20d-d0c1215fe529', '76231821433289440', 'f1afec37-8de8-4402-ab4f-c0ed8f16b564', 'Video 4 for pet_lovers #tiktok', 'https://picsum.photos/seed/76231821433289440/300/500', 'https://www.tiktok.com/@pet_lovers/video/76231821433289440', 17375, 2270, 140, 173, '2026-01-21T13:36:08.030Z', NOW(), NOW(), false, false, 0);
INSERT INTO public.tiktok_videos (id, video_id, account_id, description, cover_url, web_video_url, play_count, digg_count, comment_count, share_count, create_time, created_at, updated_at, is_ad, is_pinned, collect_count) VALUES ('bce469f4-948d-4d38-9573-5e161b16baa9', '791773087219094800', 'f1afec37-8de8-4402-ab4f-c0ed8f16b564', 'Video 5 for pet_lovers #tiktok', 'https://picsum.photos/seed/791773087219094800/300/500', 'https://www.tiktok.com/@pet_lovers/video/791773087219094800', 98383, 12133, 817, 1667, '2026-01-16T13:36:08.030Z', NOW(), NOW(), false, false, 0);
INSERT INTO public.tiktok_videos (id, video_id, account_id, description, cover_url, web_video_url, play_count, digg_count, comment_count, share_count, create_time, created_at, updated_at, is_ad, is_pinned, collect_count) VALUES ('2c683f1a-0bd5-407f-8e7d-458043cd0591', '637060383373763800', 'f1afec37-8de8-4402-ab4f-c0ed8f16b564', 'Video 6 for pet_lovers #tiktok', 'https://picsum.photos/seed/637060383373763800/300/500', 'https://www.tiktok.com/@pet_lovers/video/637060383373763800', 312319, 43741, 1631, 1657, '2026-01-05T13:36:08.030Z', NOW(), NOW(), false, false, 0);
INSERT INTO public.tiktok_videos (id, video_id, account_id, description, cover_url, web_video_url, play_count, digg_count, comment_count, share_count, create_time, created_at, updated_at, is_ad, is_pinned, collect_count) VALUES ('80b294ab-560c-4346-8e3d-22f2196d3c86', '640546318502524000', 'f1afec37-8de8-4402-ab4f-c0ed8f16b564', 'Video 7 for pet_lovers #tiktok', 'https://picsum.photos/seed/640546318502524000/300/500', 'https://www.tiktok.com/@pet_lovers/video/640546318502524000', 118440, 16323, 873, 1426, '2026-01-27T13:36:08.030Z', NOW(), NOW(), false, false, 0);
INSERT INTO public.tiktok_videos (id, video_id, account_id, description, cover_url, web_video_url, play_count, digg_count, comment_count, share_count, create_time, created_at, updated_at, is_ad, is_pinned, collect_count) VALUES ('6574c753-e4a5-4605-a36d-f7e28e8466cb', '812972663928616800', 'f1afec37-8de8-4402-ab4f-c0ed8f16b564', 'Video 8 for pet_lovers #tiktok', 'https://picsum.photos/seed/812972663928616800/300/500', 'https://www.tiktok.com/@pet_lovers/video/812972663928616800', 282505, 40175, 1477, 392, '2026-01-22T13:36:08.030Z', NOW(), NOW(), false, false, 0);
INSERT INTO public.tiktok_videos (id, video_id, account_id, description, cover_url, web_video_url, play_count, digg_count, comment_count, share_count, create_time, created_at, updated_at, is_ad, is_pinned, collect_count) VALUES ('83052a11-853a-4a96-9bd5-8f2f071a56ae', '458235993039517700', 'f1afec37-8de8-4402-ab4f-c0ed8f16b564', 'Video 9 for pet_lovers #tiktok', 'https://picsum.photos/seed/458235993039517700/300/500', 'https://www.tiktok.com/@pet_lovers/video/458235993039517700', 14601, 1387, 63, 113, '2026-01-21T13:36:08.030Z', NOW(), NOW(), false, false, 0);
INSERT INTO public.tiktok_videos (id, video_id, account_id, description, cover_url, web_video_url, play_count, digg_count, comment_count, share_count, create_time, created_at, updated_at, is_ad, is_pinned, collect_count) VALUES ('9675657e-81d2-44bd-aade-bdc1f96ee0ea', '986582159432617700', 'f1afec37-8de8-4402-ab4f-c0ed8f16b564', 'Video 10 for pet_lovers #tiktok', 'https://picsum.photos/seed/986582159432617700/300/500', 'https://www.tiktok.com/@pet_lovers/video/986582159432617700', 8236, 763, 28, 146, '2026-01-05T13:36:08.030Z', NOW(), NOW(), false, false, 0);
INSERT INTO public.daily_snapshots (id, account_id, date, total_views, total_likes, total_comments, total_shares, video_count, created_at) VALUES ('aed6be24-d193-4674-915b-51c178332e0a', 'f1afec37-8de8-4402-ab4f-c0ed8f16b564', '2026-01-02', 665634, 89770, 4063, 5975, 13, NOW());
INSERT INTO public.daily_snapshots (id, account_id, date, total_views, total_likes, total_comments, total_shares, video_count, created_at) VALUES ('1a8cf661-6e09-444c-bda4-a8cdeb674268', 'f1afec37-8de8-4402-ab4f-c0ed8f16b564', '2026-01-03', 684720, 92665, 4221, 6260, 14, NOW());
INSERT INTO public.daily_snapshots (id, account_id, date, total_views, total_likes, total_comments, total_shares, video_count, created_at) VALUES ('1928a587-b8d8-4fe5-b85f-2965934d5a4e', 'f1afec37-8de8-4402-ab4f-c0ed8f16b564', '2026-01-04', 705606, 94638, 4341, 6356, 10, NOW());
INSERT INTO public.daily_snapshots (id, account_id, date, total_views, total_likes, total_comments, total_shares, video_count, created_at) VALUES ('0fe1c913-ff0d-4d8a-87b7-43e231040239', 'f1afec37-8de8-4402-ab4f-c0ed8f16b564', '2026-01-05', 725448, 97455, 4449, 6627, 5, NOW());
INSERT INTO public.daily_snapshots (id, account_id, date, total_views, total_likes, total_comments, total_shares, video_count, created_at) VALUES ('5d3fd932-5956-4733-821f-0ef49eed047a', 'f1afec37-8de8-4402-ab4f-c0ed8f16b564', '2026-01-06', 756033, 98949, 4535, 6826, 12, NOW());
INSERT INTO public.daily_snapshots (id, account_id, date, total_views, total_likes, total_comments, total_shares, video_count, created_at) VALUES ('42984fa0-9b59-4394-83f9-a80257c55cbd', 'f1afec37-8de8-4402-ab4f-c0ed8f16b564', '2026-01-07', 768590, 100952, 4624, 6926, 6, NOW());
INSERT INTO public.daily_snapshots (id, account_id, date, total_views, total_likes, total_comments, total_shares, video_count, created_at) VALUES ('ec3159f1-cc05-452f-a7a4-e102c62aef32', 'f1afec37-8de8-4402-ab4f-c0ed8f16b564', '2026-01-08', 799957, 103182, 4732, 7028, 8, NOW());
INSERT INTO public.daily_snapshots (id, account_id, date, total_views, total_likes, total_comments, total_shares, video_count, created_at) VALUES ('f63d2ac1-ec7c-4007-8df3-63a1dc55ec58', 'f1afec37-8de8-4402-ab4f-c0ed8f16b564', '2026-01-09', 815347, 106729, 4848, 7284, 5, NOW());
INSERT INTO public.daily_snapshots (id, account_id, date, total_views, total_likes, total_comments, total_shares, video_count, created_at) VALUES ('d59a5e73-06e1-456e-8146-4deda82bbc15', 'f1afec37-8de8-4402-ab4f-c0ed8f16b564', '2026-01-10', 834063, 110331, 4997, 7490, 5, NOW());
INSERT INTO public.daily_snapshots (id, account_id, date, total_views, total_likes, total_comments, total_shares, video_count, created_at) VALUES ('312e1414-98d8-4535-8440-8db310b3590d', 'f1afec37-8de8-4402-ab4f-c0ed8f16b564', '2026-01-11', 862262, 113488, 5181, 7625, 8, NOW());
INSERT INTO public.daily_snapshots (id, account_id, date, total_views, total_likes, total_comments, total_shares, video_count, created_at) VALUES ('f28c108c-ce63-453e-b909-532b3f416137', 'f1afec37-8de8-4402-ab4f-c0ed8f16b564', '2026-01-12', 876027, 115399, 5252, 7909, 6, NOW());
INSERT INTO public.daily_snapshots (id, account_id, date, total_views, total_likes, total_comments, total_shares, video_count, created_at) VALUES ('0853568f-89fc-46b4-8967-bedc3f660ec4', 'f1afec37-8de8-4402-ab4f-c0ed8f16b564', '2026-01-13', 902733, 119304, 5428, 8050, 12, NOW());
INSERT INTO public.daily_snapshots (id, account_id, date, total_views, total_likes, total_comments, total_shares, video_count, created_at) VALUES ('74291a80-a41e-4e2c-a7dc-2a1dc51604f5', 'f1afec37-8de8-4402-ab4f-c0ed8f16b564', '2026-01-14', 925652, 122516, 5604, 8248, 8, NOW());
INSERT INTO public.daily_snapshots (id, account_id, date, total_views, total_likes, total_comments, total_shares, video_count, created_at) VALUES ('e1723737-347e-4280-b42c-34818f117e61', 'f1afec37-8de8-4402-ab4f-c0ed8f16b564', '2026-01-15', 955669, 125018, 5736, 8518, 14, NOW());
INSERT INTO public.daily_snapshots (id, account_id, date, total_views, total_likes, total_comments, total_shares, video_count, created_at) VALUES ('6934b421-ad85-45c1-a6bb-d52a785d4991', 'f1afec37-8de8-4402-ab4f-c0ed8f16b564', '2026-01-16', 987745, 127631, 5901, 8681, 13, NOW());
INSERT INTO public.daily_snapshots (id, account_id, date, total_views, total_likes, total_comments, total_shares, video_count, created_at) VALUES ('7b883af9-1f62-4288-9939-7492b7edd720', 'f1afec37-8de8-4402-ab4f-c0ed8f16b564', '2026-01-17', 1002153, 130085, 6065, 8953, 9, NOW());
INSERT INTO public.daily_snapshots (id, account_id, date, total_views, total_likes, total_comments, total_shares, video_count, created_at) VALUES ('f85c2f0e-8a5c-4a19-9218-ba2b07db512a', 'f1afec37-8de8-4402-ab4f-c0ed8f16b564', '2026-01-18', 1021243, 134164, 6139, 9199, 8, NOW());
INSERT INTO public.daily_snapshots (id, account_id, date, total_views, total_likes, total_comments, total_shares, video_count, created_at) VALUES ('6c35393f-78a6-4473-8914-c60d56455b4a', 'f1afec37-8de8-4402-ab4f-c0ed8f16b564', '2026-01-19', 1038804, 136315, 6287, 9410, 10, NOW());
INSERT INTO public.daily_snapshots (id, account_id, date, total_views, total_likes, total_comments, total_shares, video_count, created_at) VALUES ('ba32dce7-cd48-48cd-bdb6-e41220d00a61', 'f1afec37-8de8-4402-ab4f-c0ed8f16b564', '2026-01-20', 1055095, 140013, 6406, 9644, 7, NOW());
INSERT INTO public.daily_snapshots (id, account_id, date, total_views, total_likes, total_comments, total_shares, video_count, created_at) VALUES ('e28e4f4a-2d1a-438b-af09-fe5c6db8dd63', 'f1afec37-8de8-4402-ab4f-c0ed8f16b564', '2026-01-21', 1086871, 142973, 6499, 9919, 11, NOW());
INSERT INTO public.daily_snapshots (id, account_id, date, total_views, total_likes, total_comments, total_shares, video_count, created_at) VALUES ('788e8e6f-2ad3-4d94-984d-71ed0cbb5df7', 'f1afec37-8de8-4402-ab4f-c0ed8f16b564', '2026-01-22', 1100602, 145940, 6665, 10174, 8, NOW());
INSERT INTO public.daily_snapshots (id, account_id, date, total_views, total_likes, total_comments, total_shares, video_count, created_at) VALUES ('80fc5e26-d4e9-4672-ad78-ee9a91e2df25', 'f1afec37-8de8-4402-ab4f-c0ed8f16b564', '2026-01-23', 1112864, 148602, 6819, 10407, 9, NOW());
INSERT INTO public.daily_snapshots (id, account_id, date, total_views, total_likes, total_comments, total_shares, video_count, created_at) VALUES ('50787188-92e9-418c-aa95-afaa41745b9a', 'f1afec37-8de8-4402-ab4f-c0ed8f16b564', '2026-01-24', 1128754, 152578, 6971, 10580, 12, NOW());
INSERT INTO public.daily_snapshots (id, account_id, date, total_views, total_likes, total_comments, total_shares, video_count, created_at) VALUES ('3b31a4d6-c743-465b-a76f-737b6fca312b', 'f1afec37-8de8-4402-ab4f-c0ed8f16b564', '2026-01-25', 1157457, 154664, 7069, 10760, 14, NOW());
INSERT INTO public.daily_snapshots (id, account_id, date, total_views, total_likes, total_comments, total_shares, video_count, created_at) VALUES ('024c8c11-98fc-42cb-a8bc-7dbc1120fac4', 'f1afec37-8de8-4402-ab4f-c0ed8f16b564', '2026-01-26', 1180694, 156796, 7158, 10941, 14, NOW());
INSERT INTO public.daily_snapshots (id, account_id, date, total_views, total_likes, total_comments, total_shares, video_count, created_at) VALUES ('d9781e2b-c7c1-40ab-bb61-95ebc9d93d5e', 'f1afec37-8de8-4402-ab4f-c0ed8f16b564', '2026-01-27', 1210357, 159434, 7336, 11047, 6, NOW());
INSERT INTO public.daily_snapshots (id, account_id, date, total_views, total_likes, total_comments, total_shares, video_count, created_at) VALUES ('26757aa8-0306-4bca-9f23-d9d54b9c4886', 'f1afec37-8de8-4402-ab4f-c0ed8f16b564', '2026-01-28', 1223163, 163206, 7453, 11210, 6, NOW());
INSERT INTO public.daily_snapshots (id, account_id, date, total_views, total_likes, total_comments, total_shares, video_count, created_at) VALUES ('152cb79e-248a-4de2-a15e-4728c7a49b27', 'f1afec37-8de8-4402-ab4f-c0ed8f16b564', '2026-01-29', 1253686, 166670, 7553, 11426, 7, NOW());
INSERT INTO public.daily_snapshots (id, account_id, date, total_views, total_likes, total_comments, total_shares, video_count, created_at) VALUES ('95618d65-e4c9-4cdc-8d21-47c54fc64885', 'f1afec37-8de8-4402-ab4f-c0ed8f16b564', '2026-01-30', 1282539, 169321, 7660, 11608, 7, NOW());
INSERT INTO public.daily_snapshots (id, account_id, date, total_views, total_likes, total_comments, total_shares, video_count, created_at) VALUES ('6239cd32-b06a-4cb5-806c-ca8bce4489a2', 'f1afec37-8de8-4402-ab4f-c0ed8f16b564', '2026-01-31', 1293541, 172134, 7831, 11862, 7, NOW());
INSERT INTO public.tiktok_accounts (id, username, nickname, avatar_url, follower_count, following_count, heart_count, video_count, is_active, created_at) VALUES ('1b7d533e-0cfe-44d2-8fc2-ac95faef9d3e', 'fashion_icon', 'Fashion Icon', 'https://api.dicebear.com/7.x/avataaars/svg?seed=fashion_icon', 717776, 162, 132486, 86, true, NOW());
INSERT INTO public.tiktok_videos (id, video_id, account_id, description, cover_url, web_video_url, play_count, digg_count, comment_count, share_count, create_time, created_at, updated_at, is_ad, is_pinned, collect_count) VALUES ('b24005d4-0dd7-489c-a60d-3122a038a309', '363908088748203140', '1b7d533e-0cfe-44d2-8fc2-ac95faef9d3e', 'Video 1 for fashion_icon #tiktok', 'https://picsum.photos/seed/363908088748203140/300/500', 'https://www.tiktok.com/@fashion_icon/video/363908088748203140', 54631, 4139, 79, 730, '2026-01-27T13:36:08.030Z', NOW(), NOW(), false, false, 0);
INSERT INTO public.tiktok_videos (id, video_id, account_id, description, cover_url, web_video_url, play_count, digg_count, comment_count, share_count, create_time, created_at, updated_at, is_ad, is_pinned, collect_count) VALUES ('6adbecce-5dbb-49a1-93c2-ab05ffe12560', '719706079813104300', '1b7d533e-0cfe-44d2-8fc2-ac95faef9d3e', 'Video 2 for fashion_icon #tiktok', 'https://picsum.photos/seed/719706079813104300/300/500', 'https://www.tiktok.com/@fashion_icon/video/719706079813104300', 386600, 46263, 3479, 7575, '2026-01-06T13:36:08.030Z', NOW(), NOW(), false, false, 0);
INSERT INTO public.tiktok_videos (id, video_id, account_id, description, cover_url, web_video_url, play_count, digg_count, comment_count, share_count, create_time, created_at, updated_at, is_ad, is_pinned, collect_count) VALUES ('92367894-ff8f-4796-bef2-7250d5f17f19', '158331637396888930', '1b7d533e-0cfe-44d2-8fc2-ac95faef9d3e', 'Video 3 for fashion_icon #tiktok', 'https://picsum.photos/seed/158331637396888930/300/500', 'https://www.tiktok.com/@fashion_icon/video/158331637396888930', 227031, 15650, 1935, 878, '2026-01-15T13:36:08.030Z', NOW(), NOW(), false, false, 0);
INSERT INTO public.tiktok_videos (id, video_id, account_id, description, cover_url, web_video_url, play_count, digg_count, comment_count, share_count, create_time, created_at, updated_at, is_ad, is_pinned, collect_count) VALUES ('ab78b6ed-bd21-4227-8035-bfb26fa0096a', '8369552995996621', '1b7d533e-0cfe-44d2-8fc2-ac95faef9d3e', 'Video 4 for fashion_icon #tiktok', 'https://picsum.photos/seed/8369552995996621/300/500', 'https://www.tiktok.com/@fashion_icon/video/8369552995996621', 440173, 61424, 4088, 6041, '2026-01-06T13:36:08.030Z', NOW(), NOW(), false, false, 0);
INSERT INTO public.tiktok_videos (id, video_id, account_id, description, cover_url, web_video_url, play_count, digg_count, comment_count, share_count, create_time, created_at, updated_at, is_ad, is_pinned, collect_count) VALUES ('3d4fdd19-5b4b-46a6-bc84-93e1133d8593', '275642536742706020', '1b7d533e-0cfe-44d2-8fc2-ac95faef9d3e', 'Video 5 for fashion_icon #tiktok', 'https://picsum.photos/seed/275642536742706020/300/500', 'https://www.tiktok.com/@fashion_icon/video/275642536742706020', 141420, 21184, 1374, 2663, '2026-01-04T13:36:08.030Z', NOW(), NOW(), false, false, 0);
INSERT INTO public.tiktok_videos (id, video_id, account_id, description, cover_url, web_video_url, play_count, digg_count, comment_count, share_count, create_time, created_at, updated_at, is_ad, is_pinned, collect_count) VALUES ('29a056d3-95f7-4b8f-8b9f-766b678628ed', '783117049862022700', '1b7d533e-0cfe-44d2-8fc2-ac95faef9d3e', 'Video 6 for fashion_icon #tiktok', 'https://picsum.photos/seed/783117049862022700/300/500', 'https://www.tiktok.com/@fashion_icon/video/783117049862022700', 125224, 10161, 869, 2131, '2026-01-02T13:36:08.030Z', NOW(), NOW(), false, false, 0);
INSERT INTO public.tiktok_videos (id, video_id, account_id, description, cover_url, web_video_url, play_count, digg_count, comment_count, share_count, create_time, created_at, updated_at, is_ad, is_pinned, collect_count) VALUES ('3e8fb9f1-f6ea-45bd-bf9a-b4f839c026d9', '78618914454735460', '1b7d533e-0cfe-44d2-8fc2-ac95faef9d3e', 'Video 7 for fashion_icon #tiktok', 'https://picsum.photos/seed/78618914454735460/300/500', 'https://www.tiktok.com/@fashion_icon/video/78618914454735460', 393935, 51273, 2117, 3815, '2026-01-12T13:36:08.030Z', NOW(), NOW(), false, false, 0);
INSERT INTO public.tiktok_videos (id, video_id, account_id, description, cover_url, web_video_url, play_count, digg_count, comment_count, share_count, create_time, created_at, updated_at, is_ad, is_pinned, collect_count) VALUES ('6e8ec95c-2bd8-4048-ace2-fd5cf69d2264', '687565289055766100', '1b7d533e-0cfe-44d2-8fc2-ac95faef9d3e', 'Video 8 for fashion_icon #tiktok', 'https://picsum.photos/seed/687565289055766100/300/500', 'https://www.tiktok.com/@fashion_icon/video/687565289055766100', 403843, 51542, 4432, 4184, '2026-01-05T13:36:08.030Z', NOW(), NOW(), false, false, 0);
INSERT INTO public.tiktok_videos (id, video_id, account_id, description, cover_url, web_video_url, play_count, digg_count, comment_count, share_count, create_time, created_at, updated_at, is_ad, is_pinned, collect_count) VALUES ('e42cfc33-ae94-42e9-9196-735118863bf5', '953964768224876900', '1b7d533e-0cfe-44d2-8fc2-ac95faef9d3e', 'Video 9 for fashion_icon #tiktok', 'https://picsum.photos/seed/953964768224876900/300/500', 'https://www.tiktok.com/@fashion_icon/video/953964768224876900', 64063, 6410, 524, 730, '2026-01-21T13:36:08.030Z', NOW(), NOW(), false, false, 0);
INSERT INTO public.tiktok_videos (id, video_id, account_id, description, cover_url, web_video_url, play_count, digg_count, comment_count, share_count, create_time, created_at, updated_at, is_ad, is_pinned, collect_count) VALUES ('378a1d71-08cd-4041-85d5-0bdc9fb3ef88', '445323384923479360', '1b7d533e-0cfe-44d2-8fc2-ac95faef9d3e', 'Video 10 for fashion_icon #tiktok', 'https://picsum.photos/seed/445323384923479360/300/500', 'https://www.tiktok.com/@fashion_icon/video/445323384923479360', 23718, 3437, 88, 469, '2026-01-13T13:36:08.030Z', NOW(), NOW(), false, false, 0);
INSERT INTO public.daily_snapshots (id, account_id, date, total_views, total_likes, total_comments, total_shares, video_count, created_at) VALUES ('b4dd438a-7940-4382-be12-0ef7aa387773', '1b7d533e-0cfe-44d2-8fc2-ac95faef9d3e', '2026-01-02', 1164249, 140742, 9923, 15280, 8, NOW());
INSERT INTO public.daily_snapshots (id, account_id, date, total_views, total_likes, total_comments, total_shares, video_count, created_at) VALUES ('e27a12ee-1d6f-41ec-a6ba-ba13e9f204c3', '1b7d533e-0cfe-44d2-8fc2-ac95faef9d3e', '2026-01-03', 1199443, 146803, 10127, 15632, 5, NOW());
INSERT INTO public.daily_snapshots (id, account_id, date, total_views, total_likes, total_comments, total_shares, video_count, created_at) VALUES ('cedb026f-a76b-46f5-bc92-ec8a20d4f78a', '1b7d533e-0cfe-44d2-8fc2-ac95faef9d3e', '2026-01-04', 1240395, 150692, 10308, 16040, 8, NOW());
INSERT INTO public.daily_snapshots (id, account_id, date, total_views, total_likes, total_comments, total_shares, video_count, created_at) VALUES ('8d4518df-6830-46d3-bc67-346cf98bf51a', '1b7d533e-0cfe-44d2-8fc2-ac95faef9d3e', '2026-01-05', 1264582, 155622, 10714, 16766, 9, NOW());
INSERT INTO public.daily_snapshots (id, account_id, date, total_views, total_likes, total_comments, total_shares, video_count, created_at) VALUES ('28f350d8-187b-400f-aac4-6d00ca832e15', '1b7d533e-0cfe-44d2-8fc2-ac95faef9d3e', '2026-01-06', 1304972, 159753, 11110, 17169, 11, NOW());
INSERT INTO public.daily_snapshots (id, account_id, date, total_views, total_likes, total_comments, total_shares, video_count, created_at) VALUES ('4519faa6-cf36-44ba-b82b-b0762b832ee4', '1b7d533e-0cfe-44d2-8fc2-ac95faef9d3e', '2026-01-07', 1351002, 164496, 11548, 17833, 13, NOW());
INSERT INTO public.daily_snapshots (id, account_id, date, total_views, total_likes, total_comments, total_shares, video_count, created_at) VALUES ('124c7683-878e-4bec-9755-022ed0d91bd1', '1b7d533e-0cfe-44d2-8fc2-ac95faef9d3e', '2026-01-08', 1371147, 170851, 12008, 18251, 5, NOW());
INSERT INTO public.daily_snapshots (id, account_id, date, total_views, total_likes, total_comments, total_shares, video_count, created_at) VALUES ('d66e2aee-83be-49e3-b35b-5f842e1f75dc', '1b7d533e-0cfe-44d2-8fc2-ac95faef9d3e', '2026-01-09', 1423741, 174163, 12247, 18676, 9, NOW());
INSERT INTO public.daily_snapshots (id, account_id, date, total_views, total_likes, total_comments, total_shares, video_count, created_at) VALUES ('38a8580d-d241-4333-bbb8-3bc9e14317a3', '1b7d533e-0cfe-44d2-8fc2-ac95faef9d3e', '2026-01-10', 1444881, 177172, 12712, 19325, 13, NOW());
INSERT INTO public.daily_snapshots (id, account_id, date, total_views, total_likes, total_comments, total_shares, video_count, created_at) VALUES ('d357268b-8e03-4880-affb-f47dccd2180c', '1b7d533e-0cfe-44d2-8fc2-ac95faef9d3e', '2026-01-11', 1475499, 183818, 13037, 19593, 15, NOW());
INSERT INTO public.daily_snapshots (id, account_id, date, total_views, total_likes, total_comments, total_shares, video_count, created_at) VALUES ('09745f84-071f-4779-b11b-faa52b569e98', '1b7d533e-0cfe-44d2-8fc2-ac95faef9d3e', '2026-01-12', 1509922, 190306, 13405, 20182, 12, NOW());
INSERT INTO public.daily_snapshots (id, account_id, date, total_views, total_likes, total_comments, total_shares, video_count, created_at) VALUES ('f10c48db-6f62-40ff-a17b-5da4aaf0cf21', '1b7d533e-0cfe-44d2-8fc2-ac95faef9d3e', '2026-01-13', 1530641, 196297, 13752, 20729, 15, NOW());
INSERT INTO public.daily_snapshots (id, account_id, date, total_views, total_likes, total_comments, total_shares, video_count, created_at) VALUES ('91060008-eee6-4c5b-87a5-879f12049a5c', '1b7d533e-0cfe-44d2-8fc2-ac95faef9d3e', '2026-01-14', 1576311, 199790, 14090, 21323, 8, NOW());
INSERT INTO public.daily_snapshots (id, account_id, date, total_views, total_likes, total_comments, total_shares, video_count, created_at) VALUES ('d148139e-16ab-43c6-a1b7-1fec913b0ca6', '1b7d533e-0cfe-44d2-8fc2-ac95faef9d3e', '2026-01-15', 1611707, 202495, 14426, 21578, 12, NOW());
INSERT INTO public.daily_snapshots (id, account_id, date, total_views, total_likes, total_comments, total_shares, video_count, created_at) VALUES ('45f050c3-995a-4c17-9359-f3d60f937d74', '1b7d533e-0cfe-44d2-8fc2-ac95faef9d3e', '2026-01-16', 1655626, 205870, 14678, 22074, 13, NOW());
INSERT INTO public.daily_snapshots (id, account_id, date, total_views, total_likes, total_comments, total_shares, video_count, created_at) VALUES ('e49e1525-eb97-4201-8773-5f665ab2bc1e', '1b7d533e-0cfe-44d2-8fc2-ac95faef9d3e', '2026-01-17', 1682749, 208641, 14911, 22413, 8, NOW());
INSERT INTO public.daily_snapshots (id, account_id, date, total_views, total_likes, total_comments, total_shares, video_count, created_at) VALUES ('1a08dcfa-ee17-41f3-aceb-52f07b08ee26', '1b7d533e-0cfe-44d2-8fc2-ac95faef9d3e', '2026-01-18', 1737657, 215109, 15330, 22697, 8, NOW());
INSERT INTO public.daily_snapshots (id, account_id, date, total_views, total_likes, total_comments, total_shares, video_count, created_at) VALUES ('a6d46c0e-a261-4f0d-a0e4-67ff8d95efcf', '1b7d533e-0cfe-44d2-8fc2-ac95faef9d3e', '2026-01-19', 1760252, 219143, 15745, 23256, 10, NOW());
INSERT INTO public.daily_snapshots (id, account_id, date, total_views, total_likes, total_comments, total_shares, video_count, created_at) VALUES ('68a39f6b-974f-4f02-9863-1d5b70182170', '1b7d533e-0cfe-44d2-8fc2-ac95faef9d3e', '2026-01-20', 1800492, 225475, 16088, 23908, 7, NOW());
INSERT INTO public.daily_snapshots (id, account_id, date, total_views, total_likes, total_comments, total_shares, video_count, created_at) VALUES ('3b8e2256-5183-4345-b99e-3f7ce55de3de', '1b7d533e-0cfe-44d2-8fc2-ac95faef9d3e', '2026-01-21', 1849484, 232048, 16386, 24450, 8, NOW());
INSERT INTO public.daily_snapshots (id, account_id, date, total_views, total_likes, total_comments, total_shares, video_count, created_at) VALUES ('cee91d02-61c9-4795-bc05-bf30b97b6d84', '1b7d533e-0cfe-44d2-8fc2-ac95faef9d3e', '2026-01-22', 1897559, 237900, 16574, 25042, 13, NOW());
INSERT INTO public.daily_snapshots (id, account_id, date, total_views, total_likes, total_comments, total_shares, video_count, created_at) VALUES ('410d660c-7dd3-4137-9d4d-623a9f349bce', '1b7d533e-0cfe-44d2-8fc2-ac95faef9d3e', '2026-01-23', 1933784, 240201, 16939, 25441, 5, NOW());
INSERT INTO public.daily_snapshots (id, account_id, date, total_views, total_likes, total_comments, total_shares, video_count, created_at) VALUES ('5d6827ea-b0a9-430b-808a-3043317b8b25', '1b7d533e-0cfe-44d2-8fc2-ac95faef9d3e', '2026-01-24', 1967632, 245907, 17195, 25926, 13, NOW());
INSERT INTO public.daily_snapshots (id, account_id, date, total_views, total_likes, total_comments, total_shares, video_count, created_at) VALUES ('f0835eed-565a-42df-92ea-83cdccf37452', '1b7d533e-0cfe-44d2-8fc2-ac95faef9d3e', '2026-01-25', 2008552, 250720, 17536, 26496, 9, NOW());
INSERT INTO public.daily_snapshots (id, account_id, date, total_views, total_likes, total_comments, total_shares, video_count, created_at) VALUES ('2357d4ad-0adb-4b06-827c-fbeedc648813', '1b7d533e-0cfe-44d2-8fc2-ac95faef9d3e', '2026-01-26', 2031608, 254945, 17915, 27164, 15, NOW());
INSERT INTO public.daily_snapshots (id, account_id, date, total_views, total_likes, total_comments, total_shares, video_count, created_at) VALUES ('dac2c430-b947-4a23-b53f-e5f9733f7ca1', '1b7d533e-0cfe-44d2-8fc2-ac95faef9d3e', '2026-01-27', 2056431, 259681, 18339, 27732, 5, NOW());
INSERT INTO public.daily_snapshots (id, account_id, date, total_views, total_likes, total_comments, total_shares, video_count, created_at) VALUES ('25294636-7c1e-40a0-a0a6-509d1cf2c593', '1b7d533e-0cfe-44d2-8fc2-ac95faef9d3e', '2026-01-28', 2109873, 265914, 18659, 28304, 5, NOW());
INSERT INTO public.daily_snapshots (id, account_id, date, total_views, total_likes, total_comments, total_shares, video_count, created_at) VALUES ('c08d8b0c-c06e-4163-bd52-3fe07a06f286', '1b7d533e-0cfe-44d2-8fc2-ac95faef9d3e', '2026-01-29', 2164787, 269058, 19098, 28865, 5, NOW());
INSERT INTO public.daily_snapshots (id, account_id, date, total_views, total_likes, total_comments, total_shares, video_count, created_at) VALUES ('b46622cd-6496-45b9-8a72-59489ce5dca4', '1b7d533e-0cfe-44d2-8fc2-ac95faef9d3e', '2026-01-30', 2206999, 273212, 19545, 29364, 11, NOW());
INSERT INTO public.daily_snapshots (id, account_id, date, total_views, total_likes, total_comments, total_shares, video_count, created_at) VALUES ('24e9f914-cadc-4ed5-b5aa-c8e7e6daa437', '1b7d533e-0cfe-44d2-8fc2-ac95faef9d3e', '2026-01-31', 2254954, 278387, 19936, 29865, 9, NOW());
INSERT INTO public.tiktok_accounts (id, username, nickname, avatar_url, follower_count, following_count, heart_count, video_count, is_active, created_at) VALUES ('f0100fd5-19fd-4dc2-9248-36da7844119a', 'art_studio', 'Art Studio', 'https://api.dicebear.com/7.x/avataaars/svg?seed=art_studio', 944286, 199, 102593, 119, true, NOW());
INSERT INTO public.tiktok_videos (id, video_id, account_id, description, cover_url, web_video_url, play_count, digg_count, comment_count, share_count, create_time, created_at, updated_at, is_ad, is_pinned, collect_count) VALUES ('563ae79e-eee6-492a-a6c0-19cb2befcb87', '819203940093475800', 'f0100fd5-19fd-4dc2-9248-36da7844119a', 'Video 1 for art_studio #tiktok', 'https://picsum.photos/seed/819203940093475800/300/500', 'https://www.tiktok.com/@art_studio/video/819203940093475800', 193489, 11879, 265, 1993, '2026-01-13T13:36:08.030Z', NOW(), NOW(), false, false, 0);
INSERT INTO public.tiktok_videos (id, video_id, account_id, description, cover_url, web_video_url, play_count, digg_count, comment_count, share_count, create_time, created_at, updated_at, is_ad, is_pinned, collect_count) VALUES ('c82fafd9-60e3-45af-89a4-e3535b31940a', '719253751783817100', 'f0100fd5-19fd-4dc2-9248-36da7844119a', 'Video 2 for art_studio #tiktok', 'https://picsum.photos/seed/719253751783817100/300/500', 'https://www.tiktok.com/@art_studio/video/719253751783817100', 271203, 21198, 536, 5483, '2026-01-25T13:36:08.030Z', NOW(), NOW(), false, false, 0);
INSERT INTO public.tiktok_videos (id, video_id, account_id, description, cover_url, web_video_url, play_count, digg_count, comment_count, share_count, create_time, created_at, updated_at, is_ad, is_pinned, collect_count) VALUES ('063d99fb-7a27-464d-a620-a20cf7492dfb', '805519119463888100', 'f0100fd5-19fd-4dc2-9248-36da7844119a', 'Video 3 for art_studio #tiktok', 'https://picsum.photos/seed/805519119463888100/300/500', 'https://www.tiktok.com/@art_studio/video/805519119463888100', 258277, 17127, 1737, 4258, '2026-01-21T13:36:08.030Z', NOW(), NOW(), false, false, 0);
INSERT INTO public.tiktok_videos (id, video_id, account_id, description, cover_url, web_video_url, play_count, digg_count, comment_count, share_count, create_time, created_at, updated_at, is_ad, is_pinned, collect_count) VALUES ('f46e55f1-7a8e-48bf-a694-3fbfcedbabca', '945814687269302100', 'f0100fd5-19fd-4dc2-9248-36da7844119a', 'Video 4 for art_studio #tiktok', 'https://picsum.photos/seed/945814687269302100/300/500', 'https://www.tiktok.com/@art_studio/video/945814687269302100', 31632, 2697, 212, 221, '2026-01-06T13:36:08.030Z', NOW(), NOW(), false, false, 0);
INSERT INTO public.tiktok_videos (id, video_id, account_id, description, cover_url, web_video_url, play_count, digg_count, comment_count, share_count, create_time, created_at, updated_at, is_ad, is_pinned, collect_count) VALUES ('bec9f209-eac7-4e0c-97a4-07a3ab6a757b', '342416231115612000', 'f0100fd5-19fd-4dc2-9248-36da7844119a', 'Video 5 for art_studio #tiktok', 'https://picsum.photos/seed/342416231115612000/300/500', 'https://www.tiktok.com/@art_studio/video/342416231115612000', 26187, 3842, 31, 283, '2026-01-16T13:36:08.030Z', NOW(), NOW(), false, false, 0);
INSERT INTO public.tiktok_videos (id, video_id, account_id, description, cover_url, web_video_url, play_count, digg_count, comment_count, share_count, create_time, created_at, updated_at, is_ad, is_pinned, collect_count) VALUES ('0008667c-e65c-473b-b23b-1c43e0fd53d7', '30907809345779748', 'f0100fd5-19fd-4dc2-9248-36da7844119a', 'Video 6 for art_studio #tiktok', 'https://picsum.photos/seed/30907809345779748/300/500', 'https://www.tiktok.com/@art_studio/video/30907809345779748', 68396, 7868, 86, 1431, '2026-01-18T13:36:08.030Z', NOW(), NOW(), false, false, 0);
INSERT INTO public.tiktok_videos (id, video_id, account_id, description, cover_url, web_video_url, play_count, digg_count, comment_count, share_count, create_time, created_at, updated_at, is_ad, is_pinned, collect_count) VALUES ('0502c0d6-16d8-4e6f-9b37-05496743fa8e', '609961795540156300', 'f0100fd5-19fd-4dc2-9248-36da7844119a', 'Video 7 for art_studio #tiktok', 'https://picsum.photos/seed/609961795540156300/300/500', 'https://www.tiktok.com/@art_studio/video/609961795540156300', 202772, 20688, 757, 2412, '2026-01-13T13:36:08.030Z', NOW(), NOW(), false, false, 0);
INSERT INTO public.tiktok_videos (id, video_id, account_id, description, cover_url, web_video_url, play_count, digg_count, comment_count, share_count, create_time, created_at, updated_at, is_ad, is_pinned, collect_count) VALUES ('082fa640-160d-42c0-acd6-fefd5718de5d', '696785032730288400', 'f0100fd5-19fd-4dc2-9248-36da7844119a', 'Video 8 for art_studio #tiktok', 'https://picsum.photos/seed/696785032730288400/300/500', 'https://www.tiktok.com/@art_studio/video/696785032730288400', 84751, 8801, 315, 750, '2026-01-06T13:36:08.030Z', NOW(), NOW(), false, false, 0);
INSERT INTO public.tiktok_videos (id, video_id, account_id, description, cover_url, web_video_url, play_count, digg_count, comment_count, share_count, create_time, created_at, updated_at, is_ad, is_pinned, collect_count) VALUES ('34e45ae6-1d59-4c34-8d0c-afe6590fc12e', '423280394486901100', 'f0100fd5-19fd-4dc2-9248-36da7844119a', 'Video 9 for art_studio #tiktok', 'https://picsum.photos/seed/423280394486901100/300/500', 'https://www.tiktok.com/@art_studio/video/423280394486901100', 57822, 3821, 163, 353, '2026-01-24T13:36:08.030Z', NOW(), NOW(), false, false, 0);
INSERT INTO public.tiktok_videos (id, video_id, account_id, description, cover_url, web_video_url, play_count, digg_count, comment_count, share_count, create_time, created_at, updated_at, is_ad, is_pinned, collect_count) VALUES ('c9c32df9-c436-42f5-ab0c-d32c772a6eb2', '439783587718194700', 'f0100fd5-19fd-4dc2-9248-36da7844119a', 'Video 10 for art_studio #tiktok', 'https://picsum.photos/seed/439783587718194700/300/500', 'https://www.tiktok.com/@art_studio/video/439783587718194700', 367219, 52594, 1531, 1357, '2026-01-22T13:36:08.030Z', NOW(), NOW(), false, false, 0);
INSERT INTO public.daily_snapshots (id, account_id, date, total_views, total_likes, total_comments, total_shares, video_count, created_at) VALUES ('94929525-17c4-467b-a5a8-5985959f00a8', 'f0100fd5-19fd-4dc2-9248-36da7844119a', '2026-01-02', 812679, 76559, 2900, 9506, 8, NOW());
INSERT INTO public.daily_snapshots (id, account_id, date, total_views, total_likes, total_comments, total_shares, video_count, created_at) VALUES ('6d784b8f-4549-4e9a-a24f-a33b0c96c44d', 'f0100fd5-19fd-4dc2-9248-36da7844119a', '2026-01-03', 846815, 79325, 2955, 9755, 10, NOW());
INSERT INTO public.daily_snapshots (id, account_id, date, total_views, total_likes, total_comments, total_shares, video_count, created_at) VALUES ('a2ca138d-aee3-4c7f-ad01-6998ad2bc26d', 'f0100fd5-19fd-4dc2-9248-36da7844119a', '2026-01-04', 884223, 81502, 3078, 9940, 12, NOW());
INSERT INTO public.daily_snapshots (id, account_id, date, total_views, total_likes, total_comments, total_shares, video_count, created_at) VALUES ('86204a8f-bbf9-4b94-a475-86be03f87585', 'f0100fd5-19fd-4dc2-9248-36da7844119a', '2026-01-05', 913661, 84793, 3153, 10248, 6, NOW());
INSERT INTO public.daily_snapshots (id, account_id, date, total_views, total_likes, total_comments, total_shares, video_count, created_at) VALUES ('da8a5fd2-efe8-4760-adb1-401bfc1aa43c', 'f0100fd5-19fd-4dc2-9248-36da7844119a', '2026-01-06', 944684, 86695, 3221, 10510, 13, NOW());
INSERT INTO public.daily_snapshots (id, account_id, date, total_views, total_likes, total_comments, total_shares, video_count, created_at) VALUES ('ca2e16b3-011c-4765-8545-f0a3e6e63acf', 'f0100fd5-19fd-4dc2-9248-36da7844119a', '2026-01-07', 967968, 88151, 3292, 10891, 14, NOW());
INSERT INTO public.daily_snapshots (id, account_id, date, total_views, total_likes, total_comments, total_shares, video_count, created_at) VALUES ('a0dd660c-938a-4ff5-8cf0-b6835098b824', 'f0100fd5-19fd-4dc2-9248-36da7844119a', '2026-01-08', 996795, 89825, 3399, 11286, 10, NOW());
INSERT INTO public.daily_snapshots (id, account_id, date, total_views, total_likes, total_comments, total_shares, video_count, created_at) VALUES ('c9cb408e-8da7-4f02-977e-7199a201617b', 'f0100fd5-19fd-4dc2-9248-36da7844119a', '2026-01-09', 1029807, 93459, 3450, 11553, 10, NOW());
INSERT INTO public.daily_snapshots (id, account_id, date, total_views, total_likes, total_comments, total_shares, video_count, created_at) VALUES ('e5a46a7a-bb9b-4729-bdb0-5462e3a49910', 'f0100fd5-19fd-4dc2-9248-36da7844119a', '2026-01-10', 1045056, 95491, 3553, 11746, 8, NOW());
INSERT INTO public.daily_snapshots (id, account_id, date, total_views, total_likes, total_comments, total_shares, video_count, created_at) VALUES ('339196ae-b295-4a34-ac61-d40ffabb55da', 'f0100fd5-19fd-4dc2-9248-36da7844119a', '2026-01-11', 1081547, 97265, 3614, 11969, 9, NOW());
INSERT INTO public.daily_snapshots (id, account_id, date, total_views, total_likes, total_comments, total_shares, video_count, created_at) VALUES ('95398725-f1fb-4cd9-8435-2fdb7f4717b0', 'f0100fd5-19fd-4dc2-9248-36da7844119a', '2026-01-12', 1097198, 99786, 3732, 12205, 6, NOW());
INSERT INTO public.daily_snapshots (id, account_id, date, total_views, total_likes, total_comments, total_shares, video_count, created_at) VALUES ('88a26375-2971-4950-9ee3-ac93f73fc2be', 'f0100fd5-19fd-4dc2-9248-36da7844119a', '2026-01-13', 1122066, 102065, 3832, 12548, 5, NOW());
INSERT INTO public.daily_snapshots (id, account_id, date, total_views, total_likes, total_comments, total_shares, video_count, created_at) VALUES ('385f50ba-e535-44db-8b36-f9318f909865', 'f0100fd5-19fd-4dc2-9248-36da7844119a', '2026-01-14', 1150782, 105306, 3910, 12757, 13, NOW());
INSERT INTO public.daily_snapshots (id, account_id, date, total_views, total_likes, total_comments, total_shares, video_count, created_at) VALUES ('33a0f955-e015-4e07-b46b-ef193fabd0c7', 'f0100fd5-19fd-4dc2-9248-36da7844119a', '2026-01-15', 1175172, 107191, 4043, 13074, 12, NOW());
INSERT INTO public.daily_snapshots (id, account_id, date, total_views, total_likes, total_comments, total_shares, video_count, created_at) VALUES ('b2a6ff3b-85be-4a77-b4d1-b4ae29329288', 'f0100fd5-19fd-4dc2-9248-36da7844119a', '2026-01-16', 1197700, 109107, 4172, 13492, 11, NOW());
INSERT INTO public.daily_snapshots (id, account_id, date, total_views, total_likes, total_comments, total_shares, video_count, created_at) VALUES ('dbfee01b-aa1b-4ac9-9b57-58e7af16f97a', 'f0100fd5-19fd-4dc2-9248-36da7844119a', '2026-01-17', 1211566, 112618, 4298, 13888, 14, NOW());
INSERT INTO public.daily_snapshots (id, account_id, date, total_views, total_likes, total_comments, total_shares, video_count, created_at) VALUES ('f10657ea-1cb1-4af5-a1e6-33744ec43fbf', 'f0100fd5-19fd-4dc2-9248-36da7844119a', '2026-01-18', 1233138, 116221, 4415, 14042, 12, NOW());
INSERT INTO public.daily_snapshots (id, account_id, date, total_views, total_likes, total_comments, total_shares, video_count, created_at) VALUES ('2a154cf4-1f76-4e85-9e95-2d94682a824c', 'f0100fd5-19fd-4dc2-9248-36da7844119a', '2026-01-19', 1249896, 118799, 4485, 14418, 6, NOW());
INSERT INTO public.daily_snapshots (id, account_id, date, total_views, total_likes, total_comments, total_shares, video_count, created_at) VALUES ('c33e6d19-ffca-4426-ba78-f36c13cb6edc', 'f0100fd5-19fd-4dc2-9248-36da7844119a', '2026-01-20', 1275111, 120791, 4545, 14829, 8, NOW());
INSERT INTO public.daily_snapshots (id, account_id, date, total_views, total_likes, total_comments, total_shares, video_count, created_at) VALUES ('4dbd72a2-f466-406b-97b7-8179e050ca5b', 'f0100fd5-19fd-4dc2-9248-36da7844119a', '2026-01-21', 1304938, 122915, 4610, 15166, 6, NOW());
INSERT INTO public.daily_snapshots (id, account_id, date, total_views, total_likes, total_comments, total_shares, video_count, created_at) VALUES ('a3d73f20-26a9-40c0-8fe5-79da07966033', 'f0100fd5-19fd-4dc2-9248-36da7844119a', '2026-01-22', 1318692, 125203, 4685, 15492, 6, NOW());
INSERT INTO public.daily_snapshots (id, account_id, date, total_views, total_likes, total_comments, total_shares, video_count, created_at) VALUES ('7fd7f287-56b1-443a-827e-5a9ebe59fd0b', 'f0100fd5-19fd-4dc2-9248-36da7844119a', '2026-01-23', 1337483, 128660, 4797, 15674, 15, NOW());
INSERT INTO public.daily_snapshots (id, account_id, date, total_views, total_likes, total_comments, total_shares, video_count, created_at) VALUES ('a522a93b-9f82-4607-ba3e-f696a4e1d7b7', 'f0100fd5-19fd-4dc2-9248-36da7844119a', '2026-01-24', 1368735, 130403, 4862, 15964, 10, NOW());
INSERT INTO public.daily_snapshots (id, account_id, date, total_views, total_likes, total_comments, total_shares, video_count, created_at) VALUES ('92ce5d65-eade-47b0-ba81-598bee5e4f29', 'f0100fd5-19fd-4dc2-9248-36da7844119a', '2026-01-25', 1390639, 131973, 4909, 16204, 8, NOW());
INSERT INTO public.daily_snapshots (id, account_id, date, total_views, total_likes, total_comments, total_shares, video_count, created_at) VALUES ('096d51df-68fe-4449-b209-b3c1dc832c2f', 'f0100fd5-19fd-4dc2-9248-36da7844119a', '2026-01-26', 1428455, 133262, 4992, 16513, 7, NOW());
INSERT INTO public.daily_snapshots (id, account_id, date, total_views, total_likes, total_comments, total_shares, video_count, created_at) VALUES ('8b3cbe68-f826-4a9e-950d-5a26814b9c1e', 'f0100fd5-19fd-4dc2-9248-36da7844119a', '2026-01-27', 1454741, 135817, 5098, 16835, 10, NOW());
INSERT INTO public.daily_snapshots (id, account_id, date, total_views, total_likes, total_comments, total_shares, video_count, created_at) VALUES ('710eefe6-787b-435a-a9e9-1faefb742783', 'f0100fd5-19fd-4dc2-9248-36da7844119a', '2026-01-28', 1485857, 137073, 5182, 17035, 11, NOW());
INSERT INTO public.daily_snapshots (id, account_id, date, total_views, total_likes, total_comments, total_shares, video_count, created_at) VALUES ('b263261c-c996-4e18-a575-5cb0838e8143', 'f0100fd5-19fd-4dc2-9248-36da7844119a', '2026-01-29', 1503610, 138405, 5234, 17279, 7, NOW());
INSERT INTO public.daily_snapshots (id, account_id, date, total_views, total_likes, total_comments, total_shares, video_count, created_at) VALUES ('7999fc7b-9367-4f14-b59f-40751ddf13d1', 'f0100fd5-19fd-4dc2-9248-36da7844119a', '2026-01-30', 1536697, 142100, 5351, 17623, 13, NOW());
INSERT INTO public.daily_snapshots (id, account_id, date, total_views, total_likes, total_comments, total_shares, video_count, created_at) VALUES ('73ba3cc9-3d75-4fca-a968-0acabc5b4ab4', 'f0100fd5-19fd-4dc2-9248-36da7844119a', '2026-01-31', 1564904, 145195, 5461, 17777, 7, NOW());
INSERT INTO public.tiktok_accounts (id, username, nickname, avatar_url, follower_count, following_count, heart_count, video_count, is_active, created_at) VALUES ('06c00fb3-4977-4a42-9a24-977223c41aef', 'crypto_king', 'Crypto King', 'https://api.dicebear.com/7.x/avataaars/svg?seed=crypto_king', 430011, 440, 167688, 98, true, NOW());
INSERT INTO public.tiktok_videos (id, video_id, account_id, description, cover_url, web_video_url, play_count, digg_count, comment_count, share_count, create_time, created_at, updated_at, is_ad, is_pinned, collect_count) VALUES ('730308f0-7ebc-47ed-9a5c-6f2362a1dd99', '102633957981995920', '06c00fb3-4977-4a42-9a24-977223c41aef', 'Video 1 for crypto_king #tiktok', 'https://picsum.photos/seed/102633957981995920/300/500', 'https://www.tiktok.com/@crypto_king/video/102633957981995920', 290111, 19197, 2540, 1988, '2026-01-15T13:36:08.030Z', NOW(), NOW(), false, false, 0);
INSERT INTO public.tiktok_videos (id, video_id, account_id, description, cover_url, web_video_url, play_count, digg_count, comment_count, share_count, create_time, created_at, updated_at, is_ad, is_pinned, collect_count) VALUES ('745065a4-5b80-476e-9331-aadbbaaa64c9', '336611491776595140', '06c00fb3-4977-4a42-9a24-977223c41aef', 'Video 2 for crypto_king #tiktok', 'https://picsum.photos/seed/336611491776595140/300/500', 'https://www.tiktok.com/@crypto_king/video/336611491776595140', 481497, 72129, 5105, 3268, '2026-01-11T13:36:08.030Z', NOW(), NOW(), false, false, 0);
INSERT INTO public.tiktok_videos (id, video_id, account_id, description, cover_url, web_video_url, play_count, digg_count, comment_count, share_count, create_time, created_at, updated_at, is_ad, is_pinned, collect_count) VALUES ('ceb17269-88a6-4c7b-873d-9793dc145d12', '92901904146713280', '06c00fb3-4977-4a42-9a24-977223c41aef', 'Video 3 for crypto_king #tiktok', 'https://picsum.photos/seed/92901904146713280/300/500', 'https://www.tiktok.com/@crypto_king/video/92901904146713280', 261455, 23964, 721, 4100, '2026-01-25T13:36:08.030Z', NOW(), NOW(), false, false, 0);
INSERT INTO public.tiktok_videos (id, video_id, account_id, description, cover_url, web_video_url, play_count, digg_count, comment_count, share_count, create_time, created_at, updated_at, is_ad, is_pinned, collect_count) VALUES ('154409e7-09a3-4568-9aab-7b6bcd51d0d6', '208996968075882530', '06c00fb3-4977-4a42-9a24-977223c41aef', 'Video 4 for crypto_king #tiktok', 'https://picsum.photos/seed/208996968075882530/300/500', 'https://www.tiktok.com/@crypto_king/video/208996968075882530', 128471, 11259, 241, 1277, '2026-01-07T13:36:08.030Z', NOW(), NOW(), false, false, 0);
INSERT INTO public.tiktok_videos (id, video_id, account_id, description, cover_url, web_video_url, play_count, digg_count, comment_count, share_count, create_time, created_at, updated_at, is_ad, is_pinned, collect_count) VALUES ('ae5991a2-2dff-4545-9190-663c6b51ecae', '464983114922760600', '06c00fb3-4977-4a42-9a24-977223c41aef', 'Video 5 for crypto_king #tiktok', 'https://picsum.photos/seed/464983114922760600/300/500', 'https://www.tiktok.com/@crypto_king/video/464983114922760600', 430855, 37555, 2084, 3753, '2026-01-20T13:36:08.030Z', NOW(), NOW(), false, false, 0);
INSERT INTO public.tiktok_videos (id, video_id, account_id, description, cover_url, web_video_url, play_count, digg_count, comment_count, share_count, create_time, created_at, updated_at, is_ad, is_pinned, collect_count) VALUES ('9867787a-a5d1-4436-a826-048e00ee881f', '793666285954752600', '06c00fb3-4977-4a42-9a24-977223c41aef', 'Video 6 for crypto_king #tiktok', 'https://picsum.photos/seed/793666285954752600/300/500', 'https://www.tiktok.com/@crypto_king/video/793666285954752600', 82229, 7368, 417, 1001, '2026-01-03T13:36:08.030Z', NOW(), NOW(), false, false, 0);
INSERT INTO public.tiktok_videos (id, video_id, account_id, description, cover_url, web_video_url, play_count, digg_count, comment_count, share_count, create_time, created_at, updated_at, is_ad, is_pinned, collect_count) VALUES ('4c62f1ae-7701-4a58-b02c-f491a87b6a11', '911362535707317100', '06c00fb3-4977-4a42-9a24-977223c41aef', 'Video 7 for crypto_king #tiktok', 'https://picsum.photos/seed/911362535707317100/300/500', 'https://www.tiktok.com/@crypto_king/video/911362535707317100', 190020, 13797, 1005, 1815, '2026-01-02T13:36:08.030Z', NOW(), NOW(), false, false, 0);
INSERT INTO public.tiktok_videos (id, video_id, account_id, description, cover_url, web_video_url, play_count, digg_count, comment_count, share_count, create_time, created_at, updated_at, is_ad, is_pinned, collect_count) VALUES ('3731aa1b-3716-47c2-b6b0-8fc774ca1378', '813608624095902600', '06c00fb3-4977-4a42-9a24-977223c41aef', 'Video 8 for crypto_king #tiktok', 'https://picsum.photos/seed/813608624095902600/300/500', 'https://www.tiktok.com/@crypto_king/video/813608624095902600', 186863, 15080, 1692, 592, '2026-01-18T13:36:08.030Z', NOW(), NOW(), false, false, 0);
INSERT INTO public.tiktok_videos (id, video_id, account_id, description, cover_url, web_video_url, play_count, digg_count, comment_count, share_count, create_time, created_at, updated_at, is_ad, is_pinned, collect_count) VALUES ('55753fae-55d1-4690-a48a-4f80eed08031', '788933409390156000', '06c00fb3-4977-4a42-9a24-977223c41aef', 'Video 9 for crypto_king #tiktok', 'https://picsum.photos/seed/788933409390156000/300/500', 'https://www.tiktok.com/@crypto_king/video/788933409390156000', 461355, 36521, 3239, 886, '2026-01-03T13:36:08.030Z', NOW(), NOW(), false, false, 0);
INSERT INTO public.tiktok_videos (id, video_id, account_id, description, cover_url, web_video_url, play_count, digg_count, comment_count, share_count, create_time, created_at, updated_at, is_ad, is_pinned, collect_count) VALUES ('8bd4c6b2-c698-43bd-94f6-c3a545be6285', '440094695100022100', '06c00fb3-4977-4a42-9a24-977223c41aef', 'Video 10 for crypto_king #tiktok', 'https://picsum.photos/seed/440094695100022100/300/500', 'https://www.tiktok.com/@crypto_king/video/440094695100022100', 205553, 16196, 2149, 669, '2026-01-02T13:36:08.030Z', NOW(), NOW(), false, false, 0);
INSERT INTO public.daily_snapshots (id, account_id, date, total_views, total_likes, total_comments, total_shares, video_count, created_at) VALUES ('b62f85e8-72f5-4d7f-b15f-3d5d96de5713', '06c00fb3-4977-4a42-9a24-977223c41aef', '2026-01-02', 1416756, 132176, 9874, 10049, 6, NOW());
INSERT INTO public.daily_snapshots (id, account_id, date, total_views, total_likes, total_comments, total_shares, video_count, created_at) VALUES ('200bfdbd-4b9e-4feb-b79b-7548e197f2c7', '06c00fb3-4977-4a42-9a24-977223c41aef', '2026-01-03', 1472999, 135459, 10324, 10481, 10, NOW());
INSERT INTO public.daily_snapshots (id, account_id, date, total_views, total_likes, total_comments, total_shares, video_count, created_at) VALUES ('709ec780-7fbf-4ead-9c33-737cedd17cb8', '06c00fb3-4977-4a42-9a24-977223c41aef', '2026-01-04', 1539887, 137694, 10499, 10921, 10, NOW());
INSERT INTO public.daily_snapshots (id, account_id, date, total_views, total_likes, total_comments, total_shares, video_count, created_at) VALUES ('84338028-edd7-45f0-8211-436c9f2296de', '06c00fb3-4977-4a42-9a24-977223c41aef', '2026-01-05', 1571812, 139867, 10887, 11258, 6, NOW());
INSERT INTO public.daily_snapshots (id, account_id, date, total_views, total_likes, total_comments, total_shares, video_count, created_at) VALUES ('5ded1a60-e43c-4dcd-baf6-b0f1d0c9595e', '06c00fb3-4977-4a42-9a24-977223c41aef', '2026-01-06', 1594579, 144869, 11353, 11611, 10, NOW());
INSERT INTO public.daily_snapshots (id, account_id, date, total_views, total_likes, total_comments, total_shares, video_count, created_at) VALUES ('37e5ba19-1040-4dad-92d3-67081c9c5780', '06c00fb3-4977-4a42-9a24-977223c41aef', '2026-01-07', 1648907, 150550, 11514, 11940, 8, NOW());
INSERT INTO public.daily_snapshots (id, account_id, date, total_views, total_likes, total_comments, total_shares, video_count, created_at) VALUES ('15b0158c-d414-4ab6-8f45-04c54184df0a', '06c00fb3-4977-4a42-9a24-977223c41aef', '2026-01-08', 1686486, 156530, 11704, 12361, 9, NOW());
INSERT INTO public.daily_snapshots (id, account_id, date, total_views, total_likes, total_comments, total_shares, video_count, created_at) VALUES ('d396d7a3-1b03-4040-8411-2de12847ea0e', '06c00fb3-4977-4a42-9a24-977223c41aef', '2026-01-09', 1734251, 159236, 12041, 12596, 10, NOW());
INSERT INTO public.daily_snapshots (id, account_id, date, total_views, total_likes, total_comments, total_shares, video_count, created_at) VALUES ('7c7e01fe-0be9-44e9-ac61-687fe972b9db', '06c00fb3-4977-4a42-9a24-977223c41aef', '2026-01-10', 1768450, 165469, 12281, 12950, 13, NOW());
INSERT INTO public.daily_snapshots (id, account_id, date, total_views, total_likes, total_comments, total_shares, video_count, created_at) VALUES ('41ba6b5a-a805-4311-b0af-9239002b3498', '06c00fb3-4977-4a42-9a24-977223c41aef', '2026-01-11', 1803465, 171256, 12691, 13154, 6, NOW());
INSERT INTO public.daily_snapshots (id, account_id, date, total_views, total_likes, total_comments, total_shares, video_count, created_at) VALUES ('07d56871-0e46-4c3b-8ae5-598d27a09011', '06c00fb3-4977-4a42-9a24-977223c41aef', '2026-01-12', 1840816, 173696, 13083, 13384, 10, NOW());
INSERT INTO public.daily_snapshots (id, account_id, date, total_views, total_likes, total_comments, total_shares, video_count, created_at) VALUES ('f8f80c86-3e11-41ab-98f1-5621532999af', '06c00fb3-4977-4a42-9a24-977223c41aef', '2026-01-13', 1877699, 179317, 13377, 13692, 7, NOW());
INSERT INTO public.daily_snapshots (id, account_id, date, total_views, total_likes, total_comments, total_shares, video_count, created_at) VALUES ('377cf277-772e-474a-ab46-b07bd1398e55', '06c00fb3-4977-4a42-9a24-977223c41aef', '2026-01-14', 1917226, 182957, 13610, 14087, 9, NOW());
INSERT INTO public.daily_snapshots (id, account_id, date, total_views, total_likes, total_comments, total_shares, video_count, created_at) VALUES ('468f9a6c-70b8-481d-b232-f0726bea92cc', '06c00fb3-4977-4a42-9a24-977223c41aef', '2026-01-15', 1941811, 186298, 14005, 14493, 7, NOW());
INSERT INTO public.daily_snapshots (id, account_id, date, total_views, total_likes, total_comments, total_shares, video_count, created_at) VALUES ('1d757173-3558-4bb0-bab6-7c11de79d85a', '06c00fb3-4977-4a42-9a24-977223c41aef', '2026-01-16', 1989791, 191508, 14477, 14660, 15, NOW());
INSERT INTO public.daily_snapshots (id, account_id, date, total_views, total_likes, total_comments, total_shares, video_count, created_at) VALUES ('836ed256-75dd-44aa-9e7d-59ca1be86035', '06c00fb3-4977-4a42-9a24-977223c41aef', '2026-01-17', 2034974, 196583, 14832, 14998, 11, NOW());
INSERT INTO public.daily_snapshots (id, account_id, date, total_views, total_likes, total_comments, total_shares, video_count, created_at) VALUES ('addd350d-f2a4-4b54-9115-f3ca55204083', '06c00fb3-4977-4a42-9a24-977223c41aef', '2026-01-18', 2060929, 199500, 15064, 15253, 15, NOW());
INSERT INTO public.daily_snapshots (id, account_id, date, total_views, total_likes, total_comments, total_shares, video_count, created_at) VALUES ('38e02ee3-9db4-4303-b9d9-4829aff01c03', '06c00fb3-4977-4a42-9a24-977223c41aef', '2026-01-19', 2116129, 204615, 15256, 15514, 5, NOW());
INSERT INTO public.daily_snapshots (id, account_id, date, total_views, total_likes, total_comments, total_shares, video_count, created_at) VALUES ('e5920ace-a477-4adf-a258-eda4ebff371c', '06c00fb3-4977-4a42-9a24-977223c41aef', '2026-01-20', 2175220, 207156, 15592, 15877, 8, NOW());
INSERT INTO public.daily_snapshots (id, account_id, date, total_views, total_likes, total_comments, total_shares, video_count, created_at) VALUES ('dcf92021-183d-469e-9b73-706621f195dc', '06c00fb3-4977-4a42-9a24-977223c41aef', '2026-01-21', 2210135, 209870, 15977, 16277, 5, NOW());
INSERT INTO public.daily_snapshots (id, account_id, date, total_views, total_likes, total_comments, total_shares, video_count, created_at) VALUES ('be5ec963-5701-44e6-9b63-fa9b73694407', '06c00fb3-4977-4a42-9a24-977223c41aef', '2026-01-22', 2272837, 214438, 16303, 16679, 9, NOW());
INSERT INTO public.daily_snapshots (id, account_id, date, total_views, total_likes, total_comments, total_shares, video_count, created_at) VALUES ('e0a63470-697f-4d5d-8eb4-adfbcd4acda0', '06c00fb3-4977-4a42-9a24-977223c41aef', '2026-01-23', 2305068, 219312, 16494, 17120, 7, NOW());
INSERT INTO public.daily_snapshots (id, account_id, date, total_views, total_likes, total_comments, total_shares, video_count, created_at) VALUES ('21629dcc-7303-4b8f-8757-3795deee4ca6', '06c00fb3-4977-4a42-9a24-977223c41aef', '2026-01-24', 2347249, 221947, 16698, 17396, 12, NOW());
INSERT INTO public.daily_snapshots (id, account_id, date, total_views, total_likes, total_comments, total_shares, video_count, created_at) VALUES ('1ed1df0c-b15e-4704-9141-b7e988f17e7d', '06c00fb3-4977-4a42-9a24-977223c41aef', '2026-01-25', 2406717, 227046, 17068, 17691, 11, NOW());
INSERT INTO public.daily_snapshots (id, account_id, date, total_views, total_likes, total_comments, total_shares, video_count, created_at) VALUES ('f1b8751e-08dd-4b64-9d05-980f9aaf5e35', '06c00fb3-4977-4a42-9a24-977223c41aef', '2026-01-26', 2473348, 230400, 17504, 18078, 5, NOW());
INSERT INTO public.daily_snapshots (id, account_id, date, total_views, total_likes, total_comments, total_shares, video_count, created_at) VALUES ('cf58b0bd-7778-4a1b-a4ea-795274310211', '06c00fb3-4977-4a42-9a24-977223c41aef', '2026-01-27', 2525291, 232639, 17815, 18553, 5, NOW());
INSERT INTO public.daily_snapshots (id, account_id, date, total_views, total_likes, total_comments, total_shares, video_count, created_at) VALUES ('411fa247-b616-4da2-8cee-0b5b57796926', '06c00fb3-4977-4a42-9a24-977223c41aef', '2026-01-28', 2565002, 238904, 18220, 18976, 5, NOW());
INSERT INTO public.daily_snapshots (id, account_id, date, total_views, total_likes, total_comments, total_shares, video_count, created_at) VALUES ('5fd64e55-c3a4-41a2-ae84-fa859543847f', '06c00fb3-4977-4a42-9a24-977223c41aef', '2026-01-29', 2618398, 244857, 18578, 19197, 5, NOW());
INSERT INTO public.daily_snapshots (id, account_id, date, total_views, total_likes, total_comments, total_shares, video_count, created_at) VALUES ('213f5e31-e08e-4c8a-919d-23c2a06e7602', '06c00fb3-4977-4a42-9a24-977223c41aef', '2026-01-30', 2662173, 248209, 18833, 19519, 15, NOW());
INSERT INTO public.daily_snapshots (id, account_id, date, total_views, total_likes, total_comments, total_shares, video_count, created_at) VALUES ('b01b5218-a200-4f1a-b9fa-8614de3851b2', '06c00fb3-4977-4a42-9a24-977223c41aef', '2026-01-31', 2714858, 252736, 19003, 19840, 7, NOW());
INSERT INTO public.tiktok_accounts (id, username, nickname, avatar_url, follower_count, following_count, heart_count, video_count, is_active, created_at) VALUES ('5f03c169-ef9d-491f-8482-60806f6c0d28', 'auto_mania', 'Auto Mania', 'https://api.dicebear.com/7.x/avataaars/svg?seed=auto_mania', 72598, 451, 173975, 117, true, NOW());
INSERT INTO public.tiktok_videos (id, video_id, account_id, description, cover_url, web_video_url, play_count, digg_count, comment_count, share_count, create_time, created_at, updated_at, is_ad, is_pinned, collect_count) VALUES ('7cde8094-87c4-4e01-ab27-ca155d6e19c9', '507038797056776600', '5f03c169-ef9d-491f-8482-60806f6c0d28', 'Video 1 for auto_mania #tiktok', 'https://picsum.photos/seed/507038797056776600/300/500', 'https://www.tiktok.com/@auto_mania/video/507038797056776600', 315745, 17782, 1260, 6197, '2026-01-02T13:36:08.030Z', NOW(), NOW(), false, false, 0);
INSERT INTO public.tiktok_videos (id, video_id, account_id, description, cover_url, web_video_url, play_count, digg_count, comment_count, share_count, create_time, created_at, updated_at, is_ad, is_pinned, collect_count) VALUES ('058070d6-bc5b-4404-b1e3-c91050aec63a', '611659794320002400', '5f03c169-ef9d-491f-8482-60806f6c0d28', 'Video 2 for auto_mania #tiktok', 'https://picsum.photos/seed/611659794320002400/300/500', 'https://www.tiktok.com/@auto_mania/video/611659794320002400', 450992, 39160, 1392, 3330, '2026-01-09T13:36:08.030Z', NOW(), NOW(), false, false, 0);
INSERT INTO public.tiktok_videos (id, video_id, account_id, description, cover_url, web_video_url, play_count, digg_count, comment_count, share_count, create_time, created_at, updated_at, is_ad, is_pinned, collect_count) VALUES ('180b9f5c-3e79-4b89-b8d8-ce0813751f4b', '965768286936041600', '5f03c169-ef9d-491f-8482-60806f6c0d28', 'Video 3 for auto_mania #tiktok', 'https://picsum.photos/seed/965768286936041600/300/500', 'https://www.tiktok.com/@auto_mania/video/965768286936041600', 268221, 37464, 2444, 1592, '2026-01-04T13:36:08.030Z', NOW(), NOW(), false, false, 0);
INSERT INTO public.tiktok_videos (id, video_id, account_id, description, cover_url, web_video_url, play_count, digg_count, comment_count, share_count, create_time, created_at, updated_at, is_ad, is_pinned, collect_count) VALUES ('65c28c32-e200-4bd0-9ce4-a2f2b44541d9', '293172446820096450', '5f03c169-ef9d-491f-8482-60806f6c0d28', 'Video 4 for auto_mania #tiktok', 'https://picsum.photos/seed/293172446820096450/300/500', 'https://www.tiktok.com/@auto_mania/video/293172446820096450', 477576, 30292, 491, 1330, '2026-01-27T13:36:08.030Z', NOW(), NOW(), false, false, 0);
INSERT INTO public.tiktok_videos (id, video_id, account_id, description, cover_url, web_video_url, play_count, digg_count, comment_count, share_count, create_time, created_at, updated_at, is_ad, is_pinned, collect_count) VALUES ('bedcd049-7b9e-4221-bde7-cc9655386307', '58030139997049090', '5f03c169-ef9d-491f-8482-60806f6c0d28', 'Video 5 for auto_mania #tiktok', 'https://picsum.photos/seed/58030139997049090/300/500', 'https://www.tiktok.com/@auto_mania/video/58030139997049090', 499828, 60683, 625, 7777, '2026-01-04T13:36:08.030Z', NOW(), NOW(), false, false, 0);
INSERT INTO public.tiktok_videos (id, video_id, account_id, description, cover_url, web_video_url, play_count, digg_count, comment_count, share_count, create_time, created_at, updated_at, is_ad, is_pinned, collect_count) VALUES ('bca5f9f5-eec6-493e-a83e-be5f94b78713', '781593257631501600', '5f03c169-ef9d-491f-8482-60806f6c0d28', 'Video 6 for auto_mania #tiktok', 'https://picsum.photos/seed/781593257631501600/300/500', 'https://www.tiktok.com/@auto_mania/video/781593257631501600', 163168, 20539, 781, 285, '2026-01-07T13:36:08.030Z', NOW(), NOW(), false, false, 0);
INSERT INTO public.tiktok_videos (id, video_id, account_id, description, cover_url, web_video_url, play_count, digg_count, comment_count, share_count, create_time, created_at, updated_at, is_ad, is_pinned, collect_count) VALUES ('5c0feae0-2c0d-4286-8831-4f613abe8475', '591210722852956700', '5f03c169-ef9d-491f-8482-60806f6c0d28', 'Video 7 for auto_mania #tiktok', 'https://picsum.photos/seed/591210722852956700/300/500', 'https://www.tiktok.com/@auto_mania/video/591210722852956700', 425508, 37725, 837, 6375, '2026-01-22T13:36:08.030Z', NOW(), NOW(), false, false, 0);
INSERT INTO public.tiktok_videos (id, video_id, account_id, description, cover_url, web_video_url, play_count, digg_count, comment_count, share_count, create_time, created_at, updated_at, is_ad, is_pinned, collect_count) VALUES ('6bdc4a0d-b2c7-4b15-84f6-9d1afbc85190', '71829524049793480', '5f03c169-ef9d-491f-8482-60806f6c0d28', 'Video 8 for auto_mania #tiktok', 'https://picsum.photos/seed/71829524049793480/300/500', 'https://www.tiktok.com/@auto_mania/video/71829524049793480', 225513, 32054, 1655, 2149, '2026-01-20T13:36:08.030Z', NOW(), NOW(), false, false, 0);
INSERT INTO public.tiktok_videos (id, video_id, account_id, description, cover_url, web_video_url, play_count, digg_count, comment_count, share_count, create_time, created_at, updated_at, is_ad, is_pinned, collect_count) VALUES ('6eca8ff4-120d-481d-894c-312dd123ac59', '268494909568591550', '5f03c169-ef9d-491f-8482-60806f6c0d28', 'Video 9 for auto_mania #tiktok', 'https://picsum.photos/seed/268494909568591550/300/500', 'https://www.tiktok.com/@auto_mania/video/268494909568591550', 324237, 39730, 2006, 5985, '2026-01-03T13:36:08.030Z', NOW(), NOW(), false, false, 0);
INSERT INTO public.tiktok_videos (id, video_id, account_id, description, cover_url, web_video_url, play_count, digg_count, comment_count, share_count, create_time, created_at, updated_at, is_ad, is_pinned, collect_count) VALUES ('7539c622-1adf-44c6-8bd6-71e4c9a8e8c6', '499906199208448900', '5f03c169-ef9d-491f-8482-60806f6c0d28', 'Video 10 for auto_mania #tiktok', 'https://picsum.photos/seed/499906199208448900/300/500', 'https://www.tiktok.com/@auto_mania/video/499906199208448900', 464907, 44376, 1815, 8350, '2026-01-11T13:36:08.030Z', NOW(), NOW(), false, false, 0);
INSERT INTO public.daily_snapshots (id, account_id, date, total_views, total_likes, total_comments, total_shares, video_count, created_at) VALUES ('af7851e4-5415-47b0-98dc-34e023b7f72e', '5f03c169-ef9d-491f-8482-60806f6c0d28', '2026-01-02', 1855106, 186667, 6884, 22574, 12, NOW());
INSERT INTO public.daily_snapshots (id, account_id, date, total_views, total_likes, total_comments, total_shares, video_count, created_at) VALUES ('929b9f59-3306-47cb-8748-8a1fb4210fd7', '5f03c169-ef9d-491f-8482-60806f6c0d28', '2026-01-03', 1936612, 193313, 7207, 23335, 14, NOW());
INSERT INTO public.daily_snapshots (id, account_id, date, total_views, total_likes, total_comments, total_shares, video_count, created_at) VALUES ('a0cadc94-001c-43a3-b0db-7d5af7825d46', '5f03c169-ef9d-491f-8482-60806f6c0d28', '2026-01-04', 2015244, 200529, 7377, 24216, 15, NOW());
INSERT INTO public.daily_snapshots (id, account_id, date, total_views, total_likes, total_comments, total_shares, video_count, created_at) VALUES ('de1423de-d554-4561-bf1e-9d68553dedf7', '5f03c169-ef9d-491f-8482-60806f6c0d28', '2026-01-05', 2100800, 207590, 7661, 25070, 8, NOW());
INSERT INTO public.daily_snapshots (id, account_id, date, total_views, total_likes, total_comments, total_shares, video_count, created_at) VALUES ('0d82cb02-2788-4ed1-96c0-02a8d5153344', '5f03c169-ef9d-491f-8482-60806f6c0d28', '2026-01-06', 2171619, 213901, 7779, 25581, 9, NOW());
INSERT INTO public.daily_snapshots (id, account_id, date, total_views, total_likes, total_comments, total_shares, video_count, created_at) VALUES ('aaea5a31-59cb-425d-8ccd-2d9b7fb11fbd', '5f03c169-ef9d-491f-8482-60806f6c0d28', '2026-01-07', 2223172, 218432, 8027, 26554, 9, NOW());
INSERT INTO public.daily_snapshots (id, account_id, date, total_views, total_likes, total_comments, total_shares, video_count, created_at) VALUES ('80e5b5ed-0954-48e5-8b5c-9d28f502e1f2', '5f03c169-ef9d-491f-8482-60806f6c0d28', '2026-01-08', 2300387, 222515, 8149, 27063, 5, NOW());
INSERT INTO public.daily_snapshots (id, account_id, date, total_views, total_likes, total_comments, total_shares, video_count, created_at) VALUES ('fad9b4ea-d7e4-49c7-a78d-2f384a069a21', '5f03c169-ef9d-491f-8482-60806f6c0d28', '2026-01-09', 2338769, 229763, 8268, 28080, 5, NOW());
INSERT INTO public.daily_snapshots (id, account_id, date, total_views, total_likes, total_comments, total_shares, video_count, created_at) VALUES ('edad05b4-cf12-477e-9f87-0d40bae4b384', '5f03c169-ef9d-491f-8482-60806f6c0d28', '2026-01-10', 2424476, 234190, 8400, 28659, 9, NOW());
INSERT INTO public.daily_snapshots (id, account_id, date, total_views, total_likes, total_comments, total_shares, video_count, created_at) VALUES ('a7ab79a5-0a78-4a76-9234-814fcd2a7d8f', '5f03c169-ef9d-491f-8482-60806f6c0d28', '2026-01-11', 2459662, 240424, 8560, 29159, 10, NOW());
INSERT INTO public.daily_snapshots (id, account_id, date, total_views, total_likes, total_comments, total_shares, video_count, created_at) VALUES ('9b974d24-4adb-484c-9863-01f5ac7f0e9a', '5f03c169-ef9d-491f-8482-60806f6c0d28', '2026-01-12', 2532319, 245159, 8707, 29591, 9, NOW());
INSERT INTO public.daily_snapshots (id, account_id, date, total_views, total_likes, total_comments, total_shares, video_count, created_at) VALUES ('5e7e2e27-70c2-4f63-859c-0dea8ec9edd9', '5f03c169-ef9d-491f-8482-60806f6c0d28', '2026-01-13', 2597008, 253791, 8950, 30270, 10, NOW());
INSERT INTO public.daily_snapshots (id, account_id, date, total_views, total_likes, total_comments, total_shares, video_count, created_at) VALUES ('950b7166-532f-472d-9981-d9b5a34d4f48', '5f03c169-ef9d-491f-8482-60806f6c0d28', '2026-01-14', 2655382, 259841, 9210, 30772, 10, NOW());
INSERT INTO public.daily_snapshots (id, account_id, date, total_views, total_likes, total_comments, total_shares, video_count, created_at) VALUES ('d4a157a3-b4a5-47e6-9cc7-f4cbd674eab4', '5f03c169-ef9d-491f-8482-60806f6c0d28', '2026-01-15', 2694698, 262848, 9387, 31255, 8, NOW());
INSERT INTO public.daily_snapshots (id, account_id, date, total_views, total_likes, total_comments, total_shares, video_count, created_at) VALUES ('2d88ede6-49e3-4b14-a323-a1bd6f260a53', '5f03c169-ef9d-491f-8482-60806f6c0d28', '2026-01-16', 2729744, 267377, 9662, 31827, 5, NOW());
INSERT INTO public.daily_snapshots (id, account_id, date, total_views, total_likes, total_comments, total_shares, video_count, created_at) VALUES ('baa3c1e3-a461-4fba-a784-976a8987a01d', '5f03c169-ef9d-491f-8482-60806f6c0d28', '2026-01-17', 2793703, 275434, 9833, 32417, 7, NOW());
INSERT INTO public.daily_snapshots (id, account_id, date, total_views, total_likes, total_comments, total_shares, video_count, created_at) VALUES ('8b44f264-d7ff-4480-8de8-718cebc81bf7', '5f03c169-ef9d-491f-8482-60806f6c0d28', '2026-01-18', 2825546, 280319, 9983, 33209, 12, NOW());
INSERT INTO public.daily_snapshots (id, account_id, date, total_views, total_likes, total_comments, total_shares, video_count, created_at) VALUES ('4c9005dd-f1ef-481b-8b05-046b8a2c2f10', '5f03c169-ef9d-491f-8482-60806f6c0d28', '2026-01-19', 2908082, 288747, 10315, 33723, 15, NOW());
INSERT INTO public.daily_snapshots (id, account_id, date, total_views, total_likes, total_comments, total_shares, video_count, created_at) VALUES ('cffcf405-7a94-46c4-abe8-5a873a9b4424', '5f03c169-ef9d-491f-8482-60806f6c0d28', '2026-01-20', 2941691, 295067, 10505, 34279, 5, NOW());
INSERT INTO public.daily_snapshots (id, account_id, date, total_views, total_likes, total_comments, total_shares, video_count, created_at) VALUES ('67748668-288d-44e8-819e-b976dc4d0919', '5f03c169-ef9d-491f-8482-60806f6c0d28', '2026-01-21', 2986779, 302171, 10794, 34878, 15, NOW());
INSERT INTO public.daily_snapshots (id, account_id, date, total_views, total_likes, total_comments, total_shares, video_count, created_at) VALUES ('59affdbe-393e-4884-9044-49a2b1ce9c31', '5f03c169-ef9d-491f-8482-60806f6c0d28', '2026-01-22', 3027758, 308031, 11075, 35263, 5, NOW());
INSERT INTO public.daily_snapshots (id, account_id, date, total_views, total_likes, total_comments, total_shares, video_count, created_at) VALUES ('bdc4b5e7-afce-4c87-a711-1b18fc24fde1', '5f03c169-ef9d-491f-8482-60806f6c0d28', '2026-01-23', 3102244, 312593, 11224, 36270, 12, NOW());
INSERT INTO public.daily_snapshots (id, account_id, date, total_views, total_likes, total_comments, total_shares, video_count, created_at) VALUES ('9a2045e5-4376-4213-871a-5ff5e19ee19c', '5f03c169-ef9d-491f-8482-60806f6c0d28', '2026-01-24', 3136171, 316547, 11388, 37283, 9, NOW());
INSERT INTO public.daily_snapshots (id, account_id, date, total_views, total_likes, total_comments, total_shares, video_count, created_at) VALUES ('53c4c9be-9167-4cd0-b934-6733fd268402', '5f03c169-ef9d-491f-8482-60806f6c0d28', '2026-01-25', 3167532, 324395, 11520, 37833, 9, NOW());
INSERT INTO public.daily_snapshots (id, account_id, date, total_views, total_likes, total_comments, total_shares, video_count, created_at) VALUES ('d842f3fa-d4dc-4cb2-8f64-c3fccd6f508b', '5f03c169-ef9d-491f-8482-60806f6c0d28', '2026-01-26', 3220584, 329870, 11683, 38915, 9, NOW());
INSERT INTO public.daily_snapshots (id, account_id, date, total_views, total_likes, total_comments, total_shares, video_count, created_at) VALUES ('29d14ef7-4feb-4f80-8fa1-a1d43f19c53a', '5f03c169-ef9d-491f-8482-60806f6c0d28', '2026-01-27', 3309618, 337118, 11879, 39761, 13, NOW());
INSERT INTO public.daily_snapshots (id, account_id, date, total_views, total_likes, total_comments, total_shares, video_count, created_at) VALUES ('b5f2f945-6152-4b6f-8d62-15a4f1ab93c3', '5f03c169-ef9d-491f-8482-60806f6c0d28', '2026-01-28', 3367922, 345747, 12022, 40524, 11, NOW());
INSERT INTO public.daily_snapshots (id, account_id, date, total_views, total_likes, total_comments, total_shares, video_count, created_at) VALUES ('f129fed7-8bd4-49e7-9d90-d5d0ceb059ff', '5f03c169-ef9d-491f-8482-60806f6c0d28', '2026-01-29', 3411136, 349375, 12255, 41378, 8, NOW());
INSERT INTO public.daily_snapshots (id, account_id, date, total_views, total_likes, total_comments, total_shares, video_count, created_at) VALUES ('caad73b6-27a9-4ff4-8f9a-c38f4cc9b944', '5f03c169-ef9d-491f-8482-60806f6c0d28', '2026-01-30', 3498027, 352559, 12365, 41747, 12, NOW());
INSERT INTO public.daily_snapshots (id, account_id, date, total_views, total_likes, total_comments, total_shares, video_count, created_at) VALUES ('e4e268d7-2a12-47b5-be71-299e891fb3c7', '5f03c169-ef9d-491f-8482-60806f6c0d28', '2026-01-31', 3536833, 358445, 12628, 42408, 8, NOW());
INSERT INTO public.tiktok_accounts (id, username, nickname, avatar_url, follower_count, following_count, heart_count, video_count, is_active, created_at) VALUES ('0edc8f27-34c0-4a42-a512-da25c96fe092', 'nature_wonders', 'Nature Wonders', 'https://api.dicebear.com/7.x/avataaars/svg?seed=nature_wonders', 756061, 55, 412613, 200, true, NOW());
INSERT INTO public.tiktok_videos (id, video_id, account_id, description, cover_url, web_video_url, play_count, digg_count, comment_count, share_count, create_time, created_at, updated_at, is_ad, is_pinned, collect_count) VALUES ('95055f03-3b80-43bd-811e-2f262dd2eea7', '265071922467603800', '0edc8f27-34c0-4a42-a512-da25c96fe092', 'Video 1 for nature_wonders #tiktok', 'https://picsum.photos/seed/265071922467603800/300/500', 'https://www.tiktok.com/@nature_wonders/video/265071922467603800', 139049, 14653, 1175, 2364, '2026-01-06T13:36:08.030Z', NOW(), NOW(), false, false, 0);
INSERT INTO public.tiktok_videos (id, video_id, account_id, description, cover_url, web_video_url, play_count, digg_count, comment_count, share_count, create_time, created_at, updated_at, is_ad, is_pinned, collect_count) VALUES ('4eb54c6a-4bc3-4a5a-8e59-a3c00f835289', '894818018697059100', '0edc8f27-34c0-4a42-a512-da25c96fe092', 'Video 2 for nature_wonders #tiktok', 'https://picsum.photos/seed/894818018697059100/300/500', 'https://www.tiktok.com/@nature_wonders/video/894818018697059100', 434554, 35535, 4671, 2617, '2026-01-06T13:36:08.030Z', NOW(), NOW(), false, false, 0);
INSERT INTO public.tiktok_videos (id, video_id, account_id, description, cover_url, web_video_url, play_count, digg_count, comment_count, share_count, create_time, created_at, updated_at, is_ad, is_pinned, collect_count) VALUES ('f0596995-366e-48b4-b080-3c322473a7d7', '533663772648975800', '0edc8f27-34c0-4a42-a512-da25c96fe092', 'Video 3 for nature_wonders #tiktok', 'https://picsum.photos/seed/533663772648975800/300/500', 'https://www.tiktok.com/@nature_wonders/video/533663772648975800', 72942, 6824, 620, 766, '2026-01-15T13:36:08.030Z', NOW(), NOW(), false, false, 0);
INSERT INTO public.tiktok_videos (id, video_id, account_id, description, cover_url, web_video_url, play_count, digg_count, comment_count, share_count, create_time, created_at, updated_at, is_ad, is_pinned, collect_count) VALUES ('8da22006-739f-41ed-8751-9202dad1a298', '251570221894976580', '0edc8f27-34c0-4a42-a512-da25c96fe092', 'Video 4 for nature_wonders #tiktok', 'https://picsum.photos/seed/251570221894976580/300/500', 'https://www.tiktok.com/@nature_wonders/video/251570221894976580', 328576, 24550, 1895, 1612, '2026-01-18T13:36:08.030Z', NOW(), NOW(), false, false, 0);
INSERT INTO public.tiktok_videos (id, video_id, account_id, description, cover_url, web_video_url, play_count, digg_count, comment_count, share_count, create_time, created_at, updated_at, is_ad, is_pinned, collect_count) VALUES ('5f3ab954-2469-4476-9817-a1b97e76081c', '979756438575764900', '0edc8f27-34c0-4a42-a512-da25c96fe092', 'Video 5 for nature_wonders #tiktok', 'https://picsum.photos/seed/979756438575764900/300/500', 'https://www.tiktok.com/@nature_wonders/video/979756438575764900', 222463, 21815, 2271, 1602, '2026-01-08T13:36:08.030Z', NOW(), NOW(), false, false, 0);
INSERT INTO public.tiktok_videos (id, video_id, account_id, description, cover_url, web_video_url, play_count, digg_count, comment_count, share_count, create_time, created_at, updated_at, is_ad, is_pinned, collect_count) VALUES ('769fd12a-4a62-48ab-a76b-4495670a10f2', '380469891135729900', '0edc8f27-34c0-4a42-a512-da25c96fe092', 'Video 6 for nature_wonders #tiktok', 'https://picsum.photos/seed/380469891135729900/300/500', 'https://www.tiktok.com/@nature_wonders/video/380469891135729900', 158564, 12984, 195, 825, '2026-01-21T13:36:08.030Z', NOW(), NOW(), false, false, 0);
INSERT INTO public.tiktok_videos (id, video_id, account_id, description, cover_url, web_video_url, play_count, digg_count, comment_count, share_count, create_time, created_at, updated_at, is_ad, is_pinned, collect_count) VALUES ('4519b461-58ab-4370-bf32-8e836e1f9ee5', '862915387767721100', '0edc8f27-34c0-4a42-a512-da25c96fe092', 'Video 7 for nature_wonders #tiktok', 'https://picsum.photos/seed/862915387767721100/300/500', 'https://www.tiktok.com/@nature_wonders/video/862915387767721100', 442581, 42417, 2884, 3960, '2026-01-22T13:36:08.030Z', NOW(), NOW(), false, false, 0);
INSERT INTO public.tiktok_videos (id, video_id, account_id, description, cover_url, web_video_url, play_count, digg_count, comment_count, share_count, create_time, created_at, updated_at, is_ad, is_pinned, collect_count) VALUES ('1febd33d-55d9-4863-8d6f-67c1964e05fb', '926741006675508900', '0edc8f27-34c0-4a42-a512-da25c96fe092', 'Video 8 for nature_wonders #tiktok', 'https://picsum.photos/seed/926741006675508900/300/500', 'https://www.tiktok.com/@nature_wonders/video/926741006675508900', 219382, 15833, 809, 3224, '2026-01-02T13:36:08.030Z', NOW(), NOW(), false, false, 0);
INSERT INTO public.tiktok_videos (id, video_id, account_id, description, cover_url, web_video_url, play_count, digg_count, comment_count, share_count, create_time, created_at, updated_at, is_ad, is_pinned, collect_count) VALUES ('544ae599-01b6-4572-b6c6-ac5b52d58f76', '754401226798962200', '0edc8f27-34c0-4a42-a512-da25c96fe092', 'Video 9 for nature_wonders #tiktok', 'https://picsum.photos/seed/754401226798962200/300/500', 'https://www.tiktok.com/@nature_wonders/video/754401226798962200', 246056, 28896, 1625, 3640, '2026-01-15T13:36:08.030Z', NOW(), NOW(), false, false, 0);
INSERT INTO public.tiktok_videos (id, video_id, account_id, description, cover_url, web_video_url, play_count, digg_count, comment_count, share_count, create_time, created_at, updated_at, is_ad, is_pinned, collect_count) VALUES ('ee96e3fa-e433-4a41-b7df-22a2f97edeb4', '156409870425307400', '0edc8f27-34c0-4a42-a512-da25c96fe092', 'Video 10 for nature_wonders #tiktok', 'https://picsum.photos/seed/156409870425307400/300/500', 'https://www.tiktok.com/@nature_wonders/video/156409870425307400', 208356, 24886, 1466, 4294, '2026-01-25T13:36:08.030Z', NOW(), NOW(), false, false, 0);
INSERT INTO public.daily_snapshots (id, account_id, date, total_views, total_likes, total_comments, total_shares, video_count, created_at) VALUES ('697da361-4fe6-4b77-b524-515f86f5283d', '0edc8f27-34c0-4a42-a512-da25c96fe092', '2026-01-02', 1257081, 118668, 9092, 12867, 11, NOW());
INSERT INTO public.daily_snapshots (id, account_id, date, total_views, total_likes, total_comments, total_shares, video_count, created_at) VALUES ('87c4c840-05b8-4f32-9f93-28a04075a9f2', '0edc8f27-34c0-4a42-a512-da25c96fe092', '2026-01-03', 1313912, 122110, 9437, 13319, 10, NOW());
INSERT INTO public.daily_snapshots (id, account_id, date, total_views, total_likes, total_comments, total_shares, video_count, created_at) VALUES ('8397b614-e859-429c-b5be-67ecffda622f', '0edc8f27-34c0-4a42-a512-da25c96fe092', '2026-01-04', 1336088, 126338, 9779, 13740, 9, NOW());
INSERT INTO public.daily_snapshots (id, account_id, date, total_views, total_likes, total_comments, total_shares, video_count, created_at) VALUES ('4c749df0-98f6-45c6-b2ec-a3a2cf8e95c9', '0edc8f27-34c0-4a42-a512-da25c96fe092', '2026-01-05', 1389064, 130596, 10156, 14128, 8, NOW());
INSERT INTO public.daily_snapshots (id, account_id, date, total_views, total_likes, total_comments, total_shares, video_count, created_at) VALUES ('4fbfd38b-f33b-4ebb-bed2-94fc07a2c433', '0edc8f27-34c0-4a42-a512-da25c96fe092', '2026-01-06', 1419398, 135655, 10336, 14457, 14, NOW());
INSERT INTO public.daily_snapshots (id, account_id, date, total_views, total_likes, total_comments, total_shares, video_count, created_at) VALUES ('99dd7ce3-087a-4785-945a-6b1ccd2239d6', '0edc8f27-34c0-4a42-a512-da25c96fe092', '2026-01-07', 1449434, 140632, 10697, 15007, 7, NOW());
INSERT INTO public.daily_snapshots (id, account_id, date, total_views, total_likes, total_comments, total_shares, video_count, created_at) VALUES ('6867dc64-fcfb-44f1-9d86-5351a46530b8', '0edc8f27-34c0-4a42-a512-da25c96fe092', '2026-01-08', 1501319, 142626, 10904, 15439, 7, NOW());
INSERT INTO public.daily_snapshots (id, account_id, date, total_views, total_likes, total_comments, total_shares, video_count, created_at) VALUES ('ac2244b5-caa1-443c-a783-ca1e1e2ff6e2', '0edc8f27-34c0-4a42-a512-da25c96fe092', '2026-01-09', 1534381, 144581, 11258, 15995, 6, NOW());
INSERT INTO public.daily_snapshots (id, account_id, date, total_views, total_likes, total_comments, total_shares, video_count, created_at) VALUES ('abab6ff9-0097-432a-a99e-4b85f0d8faca', '0edc8f27-34c0-4a42-a512-da25c96fe092', '2026-01-10', 1574958, 146810, 11627, 16402, 5, NOW());
INSERT INTO public.daily_snapshots (id, account_id, date, total_views, total_likes, total_comments, total_shares, video_count, created_at) VALUES ('0b0a727b-1774-4a07-8c4a-0b69282f160e', '0edc8f27-34c0-4a42-a512-da25c96fe092', '2026-01-11', 1615470, 152412, 12051, 16749, 14, NOW());
INSERT INTO public.daily_snapshots (id, account_id, date, total_views, total_likes, total_comments, total_shares, video_count, created_at) VALUES ('3d851a8b-ccdd-430b-b4be-f813f05365af', '0edc8f27-34c0-4a42-a512-da25c96fe092', '2026-01-12', 1656836, 155180, 12281, 17294, 8, NOW());
INSERT INTO public.daily_snapshots (id, account_id, date, total_views, total_likes, total_comments, total_shares, video_count, created_at) VALUES ('594a2131-4125-484a-91c5-4c90709e1561', '0edc8f27-34c0-4a42-a512-da25c96fe092', '2026-01-13', 1681873, 160608, 12573, 17887, 6, NOW());
INSERT INTO public.daily_snapshots (id, account_id, date, total_views, total_likes, total_comments, total_shares, video_count, created_at) VALUES ('ae1a8c22-3628-43b6-af4b-f170b2776c4b', '0edc8f27-34c0-4a42-a512-da25c96fe092', '2026-01-14', 1704351, 165435, 12904, 18216, 12, NOW());
INSERT INTO public.daily_snapshots (id, account_id, date, total_views, total_likes, total_comments, total_shares, video_count, created_at) VALUES ('e68bb9ee-1e7b-42d8-98a1-697ddd8a3821', '0edc8f27-34c0-4a42-a512-da25c96fe092', '2026-01-15', 1734059, 169155, 13195, 18771, 5, NOW());
INSERT INTO public.daily_snapshots (id, account_id, date, total_views, total_likes, total_comments, total_shares, video_count, created_at) VALUES ('465f14f5-7073-401d-98c1-37436d227228', '0edc8f27-34c0-4a42-a512-da25c96fe092', '2026-01-16', 1765946, 172516, 13355, 19096, 7, NOW());
INSERT INTO public.daily_snapshots (id, account_id, date, total_views, total_likes, total_comments, total_shares, video_count, created_at) VALUES ('7301d09f-b607-431c-8a90-d0f6204ed089', '0edc8f27-34c0-4a42-a512-da25c96fe092', '2026-01-17', 1810544, 175047, 13633, 19576, 14, NOW());
INSERT INTO public.daily_snapshots (id, account_id, date, total_views, total_likes, total_comments, total_shares, video_count, created_at) VALUES ('ce30d517-2228-4098-80a5-2d89ffdd0c0a', '0edc8f27-34c0-4a42-a512-da25c96fe092', '2026-01-18', 1843951, 179758, 13973, 19872, 10, NOW());
INSERT INTO public.daily_snapshots (id, account_id, date, total_views, total_likes, total_comments, total_shares, video_count, created_at) VALUES ('f2666cd1-412e-4f8e-b70d-e09d87b58d4a', '0edc8f27-34c0-4a42-a512-da25c96fe092', '2026-01-19', 1898266, 184132, 14272, 20401, 6, NOW());
INSERT INTO public.daily_snapshots (id, account_id, date, total_views, total_likes, total_comments, total_shares, video_count, created_at) VALUES ('304223e8-0101-4ede-af2d-ef3b2cde1e53', '0edc8f27-34c0-4a42-a512-da25c96fe092', '2026-01-20', 1957546, 189837, 14583, 20897, 12, NOW());
INSERT INTO public.daily_snapshots (id, account_id, date, total_views, total_likes, total_comments, total_shares, video_count, created_at) VALUES ('d7b89973-b8ea-4623-aa25-979790d6ca62', '0edc8f27-34c0-4a42-a512-da25c96fe092', '2026-01-21', 2006792, 192307, 14866, 21420, 7, NOW());
INSERT INTO public.daily_snapshots (id, account_id, date, total_views, total_likes, total_comments, total_shares, video_count, created_at) VALUES ('f9d5b0f6-ef02-4248-8d96-2fd378abbee3', '0edc8f27-34c0-4a42-a512-da25c96fe092', '2026-01-22', 2040121, 196407, 15142, 21713, 7, NOW());
INSERT INTO public.daily_snapshots (id, account_id, date, total_views, total_likes, total_comments, total_shares, video_count, created_at) VALUES ('7ff2b353-c62b-4bb8-b8f8-0686a64fd5a7', '0edc8f27-34c0-4a42-a512-da25c96fe092', '2026-01-23', 2084080, 198799, 15548, 22032, 7, NOW());
INSERT INTO public.daily_snapshots (id, account_id, date, total_views, total_likes, total_comments, total_shares, video_count, created_at) VALUES ('1dba61f3-220b-456e-9587-fb92390c669a', '0edc8f27-34c0-4a42-a512-da25c96fe092', '2026-01-24', 2144185, 204399, 15927, 22467, 5, NOW());
INSERT INTO public.daily_snapshots (id, account_id, date, total_views, total_likes, total_comments, total_shares, video_count, created_at) VALUES ('ea02b0b1-f1e4-493b-8c78-f205f428decf', '0edc8f27-34c0-4a42-a512-da25c96fe092', '2026-01-25', 2180655, 208036, 16182, 22772, 8, NOW());
INSERT INTO public.daily_snapshots (id, account_id, date, total_views, total_likes, total_comments, total_shares, video_count, created_at) VALUES ('f9c2cb6c-1171-47db-b17a-b55afb0f3fcf', '0edc8f27-34c0-4a42-a512-da25c96fe092', '2026-01-26', 2203429, 213239, 16459, 23303, 14, NOW());
INSERT INTO public.daily_snapshots (id, account_id, date, total_views, total_likes, total_comments, total_shares, video_count, created_at) VALUES ('cde2b88c-6a4a-4548-8611-c223f0f778bd', '0edc8f27-34c0-4a42-a512-da25c96fe092', '2026-01-27', 2247139, 216952, 16701, 23925, 15, NOW());
INSERT INTO public.daily_snapshots (id, account_id, date, total_views, total_likes, total_comments, total_shares, video_count, created_at) VALUES ('e2f1e14c-cd70-4ccb-a518-df9e98ab14e6', '0edc8f27-34c0-4a42-a512-da25c96fe092', '2026-01-28', 2307182, 221433, 17018, 24400, 8, NOW());
INSERT INTO public.daily_snapshots (id, account_id, date, total_views, total_likes, total_comments, total_shares, video_count, created_at) VALUES ('17423384-0ef7-40a1-a0c0-18c573385e3e', '0edc8f27-34c0-4a42-a512-da25c96fe092', '2026-01-29', 2366141, 225638, 17393, 24935, 7, NOW());
INSERT INTO public.daily_snapshots (id, account_id, date, total_views, total_likes, total_comments, total_shares, video_count, created_at) VALUES ('d66913dd-a7b2-42ed-90d5-b027652ee0b6', '0edc8f27-34c0-4a42-a512-da25c96fe092', '2026-01-30', 2399972, 230253, 17620, 25167, 14, NOW());
INSERT INTO public.daily_snapshots (id, account_id, date, total_views, total_likes, total_comments, total_shares, video_count, created_at) VALUES ('13d86c6c-ebdf-4a55-9a84-106f6f3cc8d0', '0edc8f27-34c0-4a42-a512-da25c96fe092', '2026-01-31', 2439359, 233249, 17960, 25621, 10, NOW());
INSERT INTO public.tiktok_accounts (id, username, nickname, avatar_url, follower_count, following_count, heart_count, video_count, is_active, created_at) VALUES ('89bd4882-ff61-4f77-a9fc-2815990a7718', 'history_buff', 'History Buff', 'https://api.dicebear.com/7.x/avataaars/svg?seed=history_buff', 59375, 402, 239133, 75, true, NOW());
INSERT INTO public.tiktok_videos (id, video_id, account_id, description, cover_url, web_video_url, play_count, digg_count, comment_count, share_count, create_time, created_at, updated_at, is_ad, is_pinned, collect_count) VALUES ('02c8aa0e-b9e3-4f4e-93d3-db4dc6a3a2fc', '74637451995149490', '89bd4882-ff61-4f77-a9fc-2815990a7718', 'Video 1 for history_buff #tiktok', 'https://picsum.photos/seed/74637451995149490/300/500', 'https://www.tiktok.com/@history_buff/video/74637451995149490', 400602, 43652, 1192, 6148, '2026-01-25T13:36:08.030Z', NOW(), NOW(), false, false, 0);
INSERT INTO public.tiktok_videos (id, video_id, account_id, description, cover_url, web_video_url, play_count, digg_count, comment_count, share_count, create_time, created_at, updated_at, is_ad, is_pinned, collect_count) VALUES ('595211c7-50d7-4792-bbb5-d039e653f5d3', '770347505821552800', '89bd4882-ff61-4f77-a9fc-2815990a7718', 'Video 2 for history_buff #tiktok', 'https://picsum.photos/seed/770347505821552800/300/500', 'https://www.tiktok.com/@history_buff/video/770347505821552800', 24737, 2277, 39, 46, '2026-01-22T13:36:08.030Z', NOW(), NOW(), false, false, 0);
INSERT INTO public.tiktok_videos (id, video_id, account_id, description, cover_url, web_video_url, play_count, digg_count, comment_count, share_count, create_time, created_at, updated_at, is_ad, is_pinned, collect_count) VALUES ('df6f8b61-9641-4ac5-825a-93f033668df4', '625970679288085200', '89bd4882-ff61-4f77-a9fc-2815990a7718', 'Video 3 for history_buff #tiktok', 'https://picsum.photos/seed/625970679288085200/300/500', 'https://www.tiktok.com/@history_buff/video/625970679288085200', 164982, 17463, 766, 665, '2026-01-13T13:36:08.030Z', NOW(), NOW(), false, false, 0);
INSERT INTO public.tiktok_videos (id, video_id, account_id, description, cover_url, web_video_url, play_count, digg_count, comment_count, share_count, create_time, created_at, updated_at, is_ad, is_pinned, collect_count) VALUES ('5bfb037c-4457-49f2-b512-542304e2332b', '231345922049254850', '89bd4882-ff61-4f77-a9fc-2815990a7718', 'Video 4 for history_buff #tiktok', 'https://picsum.photos/seed/231345922049254850/300/500', 'https://www.tiktok.com/@history_buff/video/231345922049254850', 423913, 61997, 3340, 1513, '2026-01-20T13:36:08.030Z', NOW(), NOW(), false, false, 0);
INSERT INTO public.tiktok_videos (id, video_id, account_id, description, cover_url, web_video_url, play_count, digg_count, comment_count, share_count, create_time, created_at, updated_at, is_ad, is_pinned, collect_count) VALUES ('3a714b10-be99-480c-9d71-2a14eb41ce17', '320072979311292100', '89bd4882-ff61-4f77-a9fc-2815990a7718', 'Video 5 for history_buff #tiktok', 'https://picsum.photos/seed/320072979311292100/300/500', 'https://www.tiktok.com/@history_buff/video/320072979311292100', 337520, 45471, 2304, 1501, '2026-01-10T13:36:08.030Z', NOW(), NOW(), false, false, 0);
INSERT INTO public.tiktok_videos (id, video_id, account_id, description, cover_url, web_video_url, play_count, digg_count, comment_count, share_count, create_time, created_at, updated_at, is_ad, is_pinned, collect_count) VALUES ('51ce8107-93e9-45f2-83c3-123c87b0bc60', '173529336899177500', '89bd4882-ff61-4f77-a9fc-2815990a7718', 'Video 6 for history_buff #tiktok', 'https://picsum.photos/seed/173529336899177500/300/500', 'https://www.tiktok.com/@history_buff/video/173529336899177500', 37634, 3476, 93, 360, '2026-01-05T13:36:08.030Z', NOW(), NOW(), false, false, 0);
INSERT INTO public.tiktok_videos (id, video_id, account_id, description, cover_url, web_video_url, play_count, digg_count, comment_count, share_count, create_time, created_at, updated_at, is_ad, is_pinned, collect_count) VALUES ('c3f7359f-4d08-4b7c-b1d1-77ff089ba083', '25476849932690060', '89bd4882-ff61-4f77-a9fc-2815990a7718', 'Video 7 for history_buff #tiktok', 'https://picsum.photos/seed/25476849932690060/300/500', 'https://www.tiktok.com/@history_buff/video/25476849932690060', 2811, 238, 3, 12, '2026-01-17T13:36:08.030Z', NOW(), NOW(), false, false, 0);
INSERT INTO public.tiktok_videos (id, video_id, account_id, description, cover_url, web_video_url, play_count, digg_count, comment_count, share_count, create_time, created_at, updated_at, is_ad, is_pinned, collect_count) VALUES ('af85fdae-f80a-440b-bc3e-7ee94da1c085', '500042160993764600', '89bd4882-ff61-4f77-a9fc-2815990a7718', 'Video 8 for history_buff #tiktok', 'https://picsum.photos/seed/500042160993764600/300/500', 'https://www.tiktok.com/@history_buff/video/500042160993764600', 281516, 35073, 2802, 3147, '2026-01-10T13:36:08.030Z', NOW(), NOW(), false, false, 0);
INSERT INTO public.tiktok_videos (id, video_id, account_id, description, cover_url, web_video_url, play_count, digg_count, comment_count, share_count, create_time, created_at, updated_at, is_ad, is_pinned, collect_count) VALUES ('9dc52b3d-b713-4db1-88b3-68625667b95e', '241865677288196060', '89bd4882-ff61-4f77-a9fc-2815990a7718', 'Video 9 for history_buff #tiktok', 'https://picsum.photos/seed/241865677288196060/300/500', 'https://www.tiktok.com/@history_buff/video/241865677288196060', 220650, 29672, 1160, 2146, '2026-01-16T13:36:08.030Z', NOW(), NOW(), false, false, 0);
INSERT INTO public.tiktok_videos (id, video_id, account_id, description, cover_url, web_video_url, play_count, digg_count, comment_count, share_count, create_time, created_at, updated_at, is_ad, is_pinned, collect_count) VALUES ('c980b134-a44c-4f27-b38f-2b10a9864de9', '554427928877433540', '89bd4882-ff61-4f77-a9fc-2815990a7718', 'Video 10 for history_buff #tiktok', 'https://picsum.photos/seed/554427928877433540/300/500', 'https://www.tiktok.com/@history_buff/video/554427928877433540', 257025, 24118, 2245, 2197, '2026-01-26T13:36:08.030Z', NOW(), NOW(), false, false, 0);
INSERT INTO public.daily_snapshots (id, account_id, date, total_views, total_likes, total_comments, total_shares, video_count, created_at) VALUES ('f32f7595-584b-4b3c-9188-eab3a31ef429', '89bd4882-ff61-4f77-a9fc-2815990a7718', '2026-01-02', 1098014, 135144, 7256, 9175, 10, NOW());
INSERT INTO public.daily_snapshots (id, account_id, date, total_views, total_likes, total_comments, total_shares, video_count, created_at) VALUES ('941b87f6-efda-4f7f-8c04-6bacf80784a7', '89bd4882-ff61-4f77-a9fc-2815990a7718', '2026-01-03', 1129229, 139194, 7424, 9377, 11, NOW());
INSERT INTO public.daily_snapshots (id, account_id, date, total_views, total_likes, total_comments, total_shares, video_count, created_at) VALUES ('622c1ca8-31fb-4f3a-bb7b-32075a1c9dff', '89bd4882-ff61-4f77-a9fc-2815990a7718', '2026-01-04', 1170706, 144941, 7633, 9730, 5, NOW());
INSERT INTO public.daily_snapshots (id, account_id, date, total_views, total_likes, total_comments, total_shares, video_count, created_at) VALUES ('cf589ce2-30e1-41db-8028-9e182780fd32', '89bd4882-ff61-4f77-a9fc-2815990a7718', '2026-01-05', 1204869, 150683, 7956, 10144, 15, NOW());
INSERT INTO public.daily_snapshots (id, account_id, date, total_views, total_likes, total_comments, total_shares, video_count, created_at) VALUES ('95482b56-476d-4ff8-9787-88d0a16e82b8', '89bd4882-ff61-4f77-a9fc-2815990a7718', '2026-01-06', 1244794, 156542, 8214, 10304, 11, NOW());
INSERT INTO public.daily_snapshots (id, account_id, date, total_views, total_likes, total_comments, total_shares, video_count, created_at) VALUES ('ab415324-ea65-4962-9c99-e1e564beb320', '89bd4882-ff61-4f77-a9fc-2815990a7718', '2026-01-07', 1276647, 160170, 8511, 10604, 15, NOW());
INSERT INTO public.daily_snapshots (id, account_id, date, total_views, total_likes, total_comments, total_shares, video_count, created_at) VALUES ('3a32ef9e-57d1-4612-80bd-5e7855436335', '89bd4882-ff61-4f77-a9fc-2815990a7718', '2026-01-08', 1296925, 165081, 8811, 10755, 12, NOW());
INSERT INTO public.daily_snapshots (id, account_id, date, total_views, total_likes, total_comments, total_shares, video_count, created_at) VALUES ('6f9857c3-f3c3-499a-b939-ed50ad789dfb', '89bd4882-ff61-4f77-a9fc-2815990a7718', '2026-01-09', 1324365, 171360, 8998, 11050, 8, NOW());
INSERT INTO public.daily_snapshots (id, account_id, date, total_views, total_likes, total_comments, total_shares, video_count, created_at) VALUES ('b7396731-866f-41e9-afd8-c95c334c140f', '89bd4882-ff61-4f77-a9fc-2815990a7718', '2026-01-10', 1366397, 173604, 9180, 11371, 5, NOW());
INSERT INTO public.daily_snapshots (id, account_id, date, total_views, total_likes, total_comments, total_shares, video_count, created_at) VALUES ('042dbaad-dbb0-4a9d-a164-7cd0e98b6217', '89bd4882-ff61-4f77-a9fc-2815990a7718', '2026-01-11', 1391462, 179771, 9456, 11600, 10, NOW());
INSERT INTO public.daily_snapshots (id, account_id, date, total_views, total_likes, total_comments, total_shares, video_count, created_at) VALUES ('07e034d1-e7e1-48f4-8eea-36b262c04171', '89bd4882-ff61-4f77-a9fc-2815990a7718', '2026-01-12', 1417123, 182281, 9729, 11951, 12, NOW());
INSERT INTO public.daily_snapshots (id, account_id, date, total_views, total_likes, total_comments, total_shares, video_count, created_at) VALUES ('9f8d4124-2b41-49b4-a26c-b836ca54d274', '89bd4882-ff61-4f77-a9fc-2815990a7718', '2026-01-13', 1444925, 185386, 9878, 12120, 14, NOW());
INSERT INTO public.daily_snapshots (id, account_id, date, total_views, total_likes, total_comments, total_shares, video_count, created_at) VALUES ('97b85c13-5df5-45b9-9147-8065b8387b0c', '89bd4882-ff61-4f77-a9fc-2815990a7718', '2026-01-14', 1465826, 191285, 10091, 12535, 6, NOW());
INSERT INTO public.daily_snapshots (id, account_id, date, total_views, total_likes, total_comments, total_shares, video_count, created_at) VALUES ('d5e9783b-81a9-4d86-9255-1faa6c92b568', '89bd4882-ff61-4f77-a9fc-2815990a7718', '2026-01-15', 1494969, 196354, 10314, 12886, 6, NOW());
INSERT INTO public.daily_snapshots (id, account_id, date, total_views, total_likes, total_comments, total_shares, video_count, created_at) VALUES ('e99833e0-8472-4273-b82c-d9987ca24b25', '89bd4882-ff61-4f77-a9fc-2815990a7718', '2026-01-16', 1527177, 199889, 10595, 13043, 7, NOW());
INSERT INTO public.daily_snapshots (id, account_id, date, total_views, total_likes, total_comments, total_shares, video_count, created_at) VALUES ('f0da6067-0f83-47bb-a168-fb72226d5d20', '89bd4882-ff61-4f77-a9fc-2815990a7718', '2026-01-17', 1572951, 204305, 10808, 13347, 6, NOW());
INSERT INTO public.daily_snapshots (id, account_id, date, total_views, total_likes, total_comments, total_shares, video_count, created_at) VALUES ('6b75bfee-7058-481a-9fc7-0f21eb4fda66', '89bd4882-ff61-4f77-a9fc-2815990a7718', '2026-01-18', 1595424, 208535, 11079, 13578, 11, NOW());
INSERT INTO public.daily_snapshots (id, account_id, date, total_views, total_likes, total_comments, total_shares, video_count, created_at) VALUES ('f63d1464-7ef0-4474-84e5-374de938c352', '89bd4882-ff61-4f77-a9fc-2815990a7718', '2026-01-19', 1647276, 213544, 11278, 13901, 5, NOW());
INSERT INTO public.daily_snapshots (id, account_id, date, total_views, total_likes, total_comments, total_shares, video_count, created_at) VALUES ('4f42149b-06a9-49af-865b-8019b31e8c43', '89bd4882-ff61-4f77-a9fc-2815990a7718', '2026-01-20', 1685818, 216808, 11600, 14338, 6, NOW());
INSERT INTO public.daily_snapshots (id, account_id, date, total_views, total_likes, total_comments, total_shares, video_count, created_at) VALUES ('50c01464-e9fb-4461-8a58-66d4a7f5bef1', '89bd4882-ff61-4f77-a9fc-2815990a7718', '2026-01-21', 1716246, 223247, 11925, 14506, 10, NOW());
INSERT INTO public.daily_snapshots (id, account_id, date, total_views, total_likes, total_comments, total_shares, video_count, created_at) VALUES ('5e0fc819-3676-4645-b696-16a8a8ff5abe', '89bd4882-ff61-4f77-a9fc-2815990a7718', '2026-01-22', 1764266, 226086, 12268, 14896, 12, NOW());
INSERT INTO public.daily_snapshots (id, account_id, date, total_views, total_likes, total_comments, total_shares, video_count, created_at) VALUES ('490aff93-d046-4556-a0cf-8641dae85dd5', '89bd4882-ff61-4f77-a9fc-2815990a7718', '2026-01-23', 1795727, 228594, 12576, 15136, 6, NOW());
INSERT INTO public.daily_snapshots (id, account_id, date, total_views, total_likes, total_comments, total_shares, video_count, created_at) VALUES ('91b74384-8136-4141-bbc8-2be1b1f22085', '89bd4882-ff61-4f77-a9fc-2815990a7718', '2026-01-24', 1834078, 231917, 12749, 15489, 10, NOW());
INSERT INTO public.daily_snapshots (id, account_id, date, total_views, total_likes, total_comments, total_shares, video_count, created_at) VALUES ('52199772-1bf2-4041-a7e8-6345db3db446', '89bd4882-ff61-4f77-a9fc-2815990a7718', '2026-01-25', 1874766, 235471, 13078, 15717, 10, NOW());
INSERT INTO public.daily_snapshots (id, account_id, date, total_views, total_likes, total_comments, total_shares, video_count, created_at) VALUES ('c13ea0a4-a4de-4235-b618-17481ad466b4', '89bd4882-ff61-4f77-a9fc-2815990a7718', '2026-01-26', 1904612, 241091, 13195, 15884, 6, NOW());
INSERT INTO public.daily_snapshots (id, account_id, date, total_views, total_likes, total_comments, total_shares, video_count, created_at) VALUES ('76bfd3dc-b459-4591-993d-cdff4a9272a8', '89bd4882-ff61-4f77-a9fc-2815990a7718', '2026-01-27', 1953301, 244710, 13521, 16321, 9, NOW());
INSERT INTO public.daily_snapshots (id, account_id, date, total_views, total_likes, total_comments, total_shares, video_count, created_at) VALUES ('7126af83-aa5a-4195-8a57-d4e8b86659ed', '89bd4882-ff61-4f77-a9fc-2815990a7718', '2026-01-28', 1973423, 248956, 13802, 16654, 12, NOW());
INSERT INTO public.daily_snapshots (id, account_id, date, total_views, total_likes, total_comments, total_shares, video_count, created_at) VALUES ('3a6d7c04-a880-4b5b-9328-87bfc351f451', '89bd4882-ff61-4f77-a9fc-2815990a7718', '2026-01-29', 1996968, 253134, 14069, 16805, 5, NOW());
INSERT INTO public.daily_snapshots (id, account_id, date, total_views, total_likes, total_comments, total_shares, video_count, created_at) VALUES ('713176e7-6a95-4155-ae33-16f74c75278e', '89bd4882-ff61-4f77-a9fc-2815990a7718', '2026-01-30', 2030525, 258783, 14245, 17126, 6, NOW());
INSERT INTO public.daily_snapshots (id, account_id, date, total_views, total_likes, total_comments, total_shares, video_count, created_at) VALUES ('8bc1c23e-4179-4068-87d0-8a747415b2bd', '89bd4882-ff61-4f77-a9fc-2815990a7718', '2026-01-31', 2057933, 260991, 14370, 17347, 8, NOW());
INSERT INTO public.tiktok_accounts (id, username, nickname, avatar_url, follower_count, following_count, heart_count, video_count, is_active, created_at) VALUES ('a5000b56-7279-4fe1-8e45-83af87f54c2f', 'movie_critic', 'Movie Critic', 'https://api.dicebear.com/7.x/avataaars/svg?seed=movie_critic', 462094, 222, 93949, 134, true, NOW());
INSERT INTO public.tiktok_videos (id, video_id, account_id, description, cover_url, web_video_url, play_count, digg_count, comment_count, share_count, create_time, created_at, updated_at, is_ad, is_pinned, collect_count) VALUES ('c359eebc-9e85-4135-8493-e4b330a6bf20', '7830212783823010', 'a5000b56-7279-4fe1-8e45-83af87f54c2f', 'Video 1 for movie_critic #tiktok', 'https://picsum.photos/seed/7830212783823010/300/500', 'https://www.tiktok.com/@movie_critic/video/7830212783823010', 243048, 12317, 2218, 259, '2026-01-06T13:36:08.030Z', NOW(), NOW(), false, false, 0);
INSERT INTO public.tiktok_videos (id, video_id, account_id, description, cover_url, web_video_url, play_count, digg_count, comment_count, share_count, create_time, created_at, updated_at, is_ad, is_pinned, collect_count) VALUES ('db018b9b-4900-4c21-b37a-da43a977db8a', '792466640938601000', 'a5000b56-7279-4fe1-8e45-83af87f54c2f', 'Video 2 for movie_critic #tiktok', 'https://picsum.photos/seed/792466640938601000/300/500', 'https://www.tiktok.com/@movie_critic/video/792466640938601000', 107667, 11564, 412, 321, '2026-01-18T13:36:08.030Z', NOW(), NOW(), false, false, 0);
INSERT INTO public.tiktok_videos (id, video_id, account_id, description, cover_url, web_video_url, play_count, digg_count, comment_count, share_count, create_time, created_at, updated_at, is_ad, is_pinned, collect_count) VALUES ('2435081f-4e7f-476c-807b-eb54edc4777f', '342544320347051100', 'a5000b56-7279-4fe1-8e45-83af87f54c2f', 'Video 3 for movie_critic #tiktok', 'https://picsum.photos/seed/342544320347051100/300/500', 'https://www.tiktok.com/@movie_critic/video/342544320347051100', 213915, 19705, 760, 3370, '2026-01-25T13:36:08.030Z', NOW(), NOW(), false, false, 0);
INSERT INTO public.tiktok_videos (id, video_id, account_id, description, cover_url, web_video_url, play_count, digg_count, comment_count, share_count, create_time, created_at, updated_at, is_ad, is_pinned, collect_count) VALUES ('cd9051c8-ce24-4330-8ae3-e82d9b00ac39', '543978865623043650', 'a5000b56-7279-4fe1-8e45-83af87f54c2f', 'Video 4 for movie_critic #tiktok', 'https://picsum.photos/seed/543978865623043650/300/500', 'https://www.tiktok.com/@movie_critic/video/543978865623043650', 459104, 55660, 3392, 1722, '2026-01-11T13:36:08.030Z', NOW(), NOW(), false, false, 0);
INSERT INTO public.tiktok_videos (id, video_id, account_id, description, cover_url, web_video_url, play_count, digg_count, comment_count, share_count, create_time, created_at, updated_at, is_ad, is_pinned, collect_count) VALUES ('04801cc0-cc46-4404-b043-4e63d9b76660', '882217094970322000', 'a5000b56-7279-4fe1-8e45-83af87f54c2f', 'Video 5 for movie_critic #tiktok', 'https://picsum.photos/seed/882217094970322000/300/500', 'https://www.tiktok.com/@movie_critic/video/882217094970322000', 254345, 34086, 1988, 2959, '2026-01-12T13:36:08.030Z', NOW(), NOW(), false, false, 0);
INSERT INTO public.tiktok_videos (id, video_id, account_id, description, cover_url, web_video_url, play_count, digg_count, comment_count, share_count, create_time, created_at, updated_at, is_ad, is_pinned, collect_count) VALUES ('12eecfbf-b225-4a2d-adb1-9fc3ddf871d5', '829766148139970800', 'a5000b56-7279-4fe1-8e45-83af87f54c2f', 'Video 6 for movie_critic #tiktok', 'https://picsum.photos/seed/829766148139970800/300/500', 'https://www.tiktok.com/@movie_critic/video/829766148139970800', 232622, 21254, 1800, 3890, '2026-01-22T13:36:08.030Z', NOW(), NOW(), false, false, 0);
INSERT INTO public.tiktok_videos (id, video_id, account_id, description, cover_url, web_video_url, play_count, digg_count, comment_count, share_count, create_time, created_at, updated_at, is_ad, is_pinned, collect_count) VALUES ('cfd3ba83-16e9-4d0c-a58c-63e07b732f3a', '367749957309725400', 'a5000b56-7279-4fe1-8e45-83af87f54c2f', 'Video 7 for movie_critic #tiktok', 'https://picsum.photos/seed/367749957309725400/300/500', 'https://www.tiktok.com/@movie_critic/video/367749957309725400', 394748, 29459, 2439, 2117, '2026-01-13T13:36:08.030Z', NOW(), NOW(), false, false, 0);
INSERT INTO public.tiktok_videos (id, video_id, account_id, description, cover_url, web_video_url, play_count, digg_count, comment_count, share_count, create_time, created_at, updated_at, is_ad, is_pinned, collect_count) VALUES ('96f8e2f6-61ad-409b-ab62-b0b4be8b8fe9', '486102319876748200', 'a5000b56-7279-4fe1-8e45-83af87f54c2f', 'Video 8 for movie_critic #tiktok', 'https://picsum.photos/seed/486102319876748200/300/500', 'https://www.tiktok.com/@movie_critic/video/486102319876748200', 145710, 17040, 665, 1218, '2026-01-07T13:36:08.030Z', NOW(), NOW(), false, false, 0);
INSERT INTO public.tiktok_videos (id, video_id, account_id, description, cover_url, web_video_url, play_count, digg_count, comment_count, share_count, create_time, created_at, updated_at, is_ad, is_pinned, collect_count) VALUES ('0a30a69d-5dc8-45ab-976e-b57a3f0946f8', '782918310400200000', 'a5000b56-7279-4fe1-8e45-83af87f54c2f', 'Video 9 for movie_critic #tiktok', 'https://picsum.photos/seed/782918310400200000/300/500', 'https://www.tiktok.com/@movie_critic/video/782918310400200000', 304484, 20104, 2239, 4902, '2026-01-07T13:36:08.030Z', NOW(), NOW(), false, false, 0);
INSERT INTO public.tiktok_videos (id, video_id, account_id, description, cover_url, web_video_url, play_count, digg_count, comment_count, share_count, create_time, created_at, updated_at, is_ad, is_pinned, collect_count) VALUES ('6d9b7c57-3b10-4c2d-8821-bde1a16d2c21', '28819250222054560', 'a5000b56-7279-4fe1-8e45-83af87f54c2f', 'Video 10 for movie_critic #tiktok', 'https://picsum.photos/seed/28819250222054560/300/500', 'https://www.tiktok.com/@movie_critic/video/28819250222054560', 120831, 12794, 566, 152, '2026-01-20T13:36:08.030Z', NOW(), NOW(), false, false, 0);
INSERT INTO public.daily_snapshots (id, account_id, date, total_views, total_likes, total_comments, total_shares, video_count, created_at) VALUES ('4abc0888-7fcf-4f7c-9317-52931588a121', 'a5000b56-7279-4fe1-8e45-83af87f54c2f', '2026-01-02', 1267672, 119564, 8610, 10906, 5, NOW());
INSERT INTO public.daily_snapshots (id, account_id, date, total_views, total_likes, total_comments, total_shares, video_count, created_at) VALUES ('69260752-ae92-4e28-9ddf-bec4099852d3', 'a5000b56-7279-4fe1-8e45-83af87f54c2f', '2026-01-03', 1303463, 122608, 8768, 11378, 13, NOW());
INSERT INTO public.daily_snapshots (id, account_id, date, total_views, total_likes, total_comments, total_shares, video_count, created_at) VALUES ('fdea8d2d-e8d2-4e77-8c48-81ce8717e67b', 'a5000b56-7279-4fe1-8e45-83af87f54c2f', '2026-01-04', 1339284, 125981, 9131, 11824, 8, NOW());
INSERT INTO public.daily_snapshots (id, account_id, date, total_views, total_likes, total_comments, total_shares, video_count, created_at) VALUES ('cc23d1ac-3399-4cfb-9de1-aee7b185a7a8', 'a5000b56-7279-4fe1-8e45-83af87f54c2f', '2026-01-05', 1372006, 128714, 9493, 12026, 8, NOW());
INSERT INTO public.daily_snapshots (id, account_id, date, total_views, total_likes, total_comments, total_shares, video_count, created_at) VALUES ('28ace806-01c1-4341-a5f1-3d86c8bb557f', 'a5000b56-7279-4fe1-8e45-83af87f54c2f', '2026-01-06', 1398992, 133350, 9700, 12438, 12, NOW());
INSERT INTO public.daily_snapshots (id, account_id, date, total_views, total_likes, total_comments, total_shares, video_count, created_at) VALUES ('16db1f06-27fc-4bc3-88b7-cc485d47a860', 'a5000b56-7279-4fe1-8e45-83af87f54c2f', '2026-01-07', 1435484, 138948, 9966, 12869, 5, NOW());
INSERT INTO public.daily_snapshots (id, account_id, date, total_views, total_likes, total_comments, total_shares, video_count, created_at) VALUES ('5138ce7a-5f66-4b6c-b9ec-4d7a8cb09b00', 'a5000b56-7279-4fe1-8e45-83af87f54c2f', '2026-01-08', 1465684, 143109, 10372, 13203, 12, NOW());
INSERT INTO public.daily_snapshots (id, account_id, date, total_views, total_likes, total_comments, total_shares, video_count, created_at) VALUES ('8be2ac53-83d4-407b-a97b-6a423eb8ce9a', 'a5000b56-7279-4fe1-8e45-83af87f54c2f', '2026-01-09', 1527361, 147658, 10706, 13500, 5, NOW());
INSERT INTO public.daily_snapshots (id, account_id, date, total_views, total_likes, total_comments, total_shares, video_count, created_at) VALUES ('16c7fa42-00b4-464d-8d56-ec7f8afb66c4', 'a5000b56-7279-4fe1-8e45-83af87f54c2f', '2026-01-10', 1562166, 151246, 10984, 13989, 8, NOW());
INSERT INTO public.daily_snapshots (id, account_id, date, total_views, total_likes, total_comments, total_shares, video_count, created_at) VALUES ('53164a00-8d2f-4f7c-95e4-bccc6e3e573d', 'a5000b56-7279-4fe1-8e45-83af87f54c2f', '2026-01-11', 1623445, 154675, 11143, 14336, 12, NOW());
INSERT INTO public.daily_snapshots (id, account_id, date, total_views, total_likes, total_comments, total_shares, video_count, created_at) VALUES ('8e368340-797a-4fad-9973-662ebf2ad94c', 'a5000b56-7279-4fe1-8e45-83af87f54c2f', '2026-01-12', 1667134, 158008, 11297, 14599, 8, NOW());
INSERT INTO public.daily_snapshots (id, account_id, date, total_views, total_likes, total_comments, total_shares, video_count, created_at) VALUES ('4afd8f4d-aeec-462b-a120-be3c7cc25c3e', 'a5000b56-7279-4fe1-8e45-83af87f54c2f', '2026-01-13', 1708328, 160134, 11620, 15050, 15, NOW());
INSERT INTO public.daily_snapshots (id, account_id, date, total_views, total_likes, total_comments, total_shares, video_count, created_at) VALUES ('f8f94506-4bdb-48f6-b89d-f687875c478c', 'a5000b56-7279-4fe1-8e45-83af87f54c2f', '2026-01-14', 1739462, 164287, 11771, 15519, 8, NOW());
INSERT INTO public.daily_snapshots (id, account_id, date, total_views, total_likes, total_comments, total_shares, video_count, created_at) VALUES ('6452ef2d-2d82-4aca-9dc7-e2ff988048af', 'a5000b56-7279-4fe1-8e45-83af87f54c2f', '2026-01-15', 1798003, 170053, 12139, 15956, 15, NOW());
INSERT INTO public.daily_snapshots (id, account_id, date, total_views, total_likes, total_comments, total_shares, video_count, created_at) VALUES ('92fe5518-58d2-40dd-8336-835cfebd72f6', 'a5000b56-7279-4fe1-8e45-83af87f54c2f', '2026-01-16', 1822943, 173116, 12306, 16424, 14, NOW());
INSERT INTO public.daily_snapshots (id, account_id, date, total_views, total_likes, total_comments, total_shares, video_count, created_at) VALUES ('77af5b1c-8cd9-488c-8280-0a80de76ba53', 'a5000b56-7279-4fe1-8e45-83af87f54c2f', '2026-01-17', 1876261, 175339, 12458, 16812, 14, NOW());
INSERT INTO public.daily_snapshots (id, account_id, date, total_views, total_likes, total_comments, total_shares, video_count, created_at) VALUES ('b46b32d5-1236-4146-98e3-e52c5e2d054c', 'a5000b56-7279-4fe1-8e45-83af87f54c2f', '2026-01-18', 1898522, 180703, 12638, 17107, 9, NOW());
INSERT INTO public.daily_snapshots (id, account_id, date, total_views, total_likes, total_comments, total_shares, video_count, created_at) VALUES ('e6b10af7-e6c7-4d96-810b-cecb49e0456c', 'a5000b56-7279-4fe1-8e45-83af87f54c2f', '2026-01-19', 1924370, 186394, 12933, 17438, 12, NOW());
INSERT INTO public.daily_snapshots (id, account_id, date, total_views, total_likes, total_comments, total_shares, video_count, created_at) VALUES ('f94a5c1f-3c20-4f08-bd3a-377e50176605', 'a5000b56-7279-4fe1-8e45-83af87f54c2f', '2026-01-20', 1952612, 188710, 13090, 17691, 11, NOW());
INSERT INTO public.daily_snapshots (id, account_id, date, total_views, total_likes, total_comments, total_shares, video_count, created_at) VALUES ('48ceeed6-6376-4dd8-a973-3a182f1a75a6', 'a5000b56-7279-4fe1-8e45-83af87f54c2f', '2026-01-21', 1981183, 192689, 13412, 18153, 10, NOW());
INSERT INTO public.daily_snapshots (id, account_id, date, total_views, total_likes, total_comments, total_shares, video_count, created_at) VALUES ('fb93dc19-4adb-47d0-a9d2-e970bfb01368', 'a5000b56-7279-4fe1-8e45-83af87f54c2f', '2026-01-22', 2009710, 196271, 13612, 18375, 11, NOW());
INSERT INTO public.daily_snapshots (id, account_id, date, total_views, total_likes, total_comments, total_shares, video_count, created_at) VALUES ('90349405-f482-480b-b940-692f837e6233', 'a5000b56-7279-4fe1-8e45-83af87f54c2f', '2026-01-23', 2058958, 199157, 13793, 18867, 7, NOW());
INSERT INTO public.daily_snapshots (id, account_id, date, total_views, total_likes, total_comments, total_shares, video_count, created_at) VALUES ('34982a55-63bf-4706-85ec-50b50c20ff89', 'a5000b56-7279-4fe1-8e45-83af87f54c2f', '2026-01-24', 2085428, 201196, 14112, 19241, 6, NOW());
INSERT INTO public.daily_snapshots (id, account_id, date, total_views, total_likes, total_comments, total_shares, video_count, created_at) VALUES ('9f902e5d-df9f-4126-a67c-cf6e7cf8062b', 'a5000b56-7279-4fe1-8e45-83af87f54c2f', '2026-01-25', 2126413, 203656, 14276, 19700, 6, NOW());
INSERT INTO public.daily_snapshots (id, account_id, date, total_views, total_likes, total_comments, total_shares, video_count, created_at) VALUES ('d177e77d-6d19-4314-a17a-59e28d50aa08', 'a5000b56-7279-4fe1-8e45-83af87f54c2f', '2026-01-26', 2183925, 206664, 14417, 20066, 7, NOW());
INSERT INTO public.daily_snapshots (id, account_id, date, total_views, total_likes, total_comments, total_shares, video_count, created_at) VALUES ('d0b6f005-668a-4aac-8d4b-9881e85ba89e', 'a5000b56-7279-4fe1-8e45-83af87f54c2f', '2026-01-27', 2239681, 211739, 14679, 20295, 11, NOW());
INSERT INTO public.daily_snapshots (id, account_id, date, total_views, total_likes, total_comments, total_shares, video_count, created_at) VALUES ('16d87d9c-23f1-44e7-be50-e80bad9a4d02', 'a5000b56-7279-4fe1-8e45-83af87f54c2f', '2026-01-28', 2292972, 214239, 14986, 20492, 13, NOW());
INSERT INTO public.daily_snapshots (id, account_id, date, total_views, total_likes, total_comments, total_shares, video_count, created_at) VALUES ('fcea4bbb-eb6c-41d5-9479-77b42d630bd7', 'a5000b56-7279-4fe1-8e45-83af87f54c2f', '2026-01-29', 2343202, 217168, 15345, 20939, 13, NOW());
INSERT INTO public.daily_snapshots (id, account_id, date, total_views, total_likes, total_comments, total_shares, video_count, created_at) VALUES ('8a263a34-f75d-4db2-8c8e-614d66de4127', 'a5000b56-7279-4fe1-8e45-83af87f54c2f', '2026-01-30', 2386526, 221942, 15652, 21144, 15, NOW());
INSERT INTO public.daily_snapshots (id, account_id, date, total_views, total_likes, total_comments, total_shares, video_count, created_at) VALUES ('ec8fba7e-0442-47d0-8f18-6ea9446ddffb', 'a5000b56-7279-4fe1-8e45-83af87f54c2f', '2026-01-31', 2434577, 224427, 16034, 21409, 9, NOW());
INSERT INTO public.tiktok_accounts (id, username, nickname, avatar_url, follower_count, following_count, heart_count, video_count, is_active, created_at) VALUES ('ce53db0f-0a4e-464b-aa98-af23da0f713e', 'book_worm', 'Book Worm', 'https://api.dicebear.com/7.x/avataaars/svg?seed=book_worm', 585784, 418, 240533, 113, true, NOW());
INSERT INTO public.tiktok_videos (id, video_id, account_id, description, cover_url, web_video_url, play_count, digg_count, comment_count, share_count, create_time, created_at, updated_at, is_ad, is_pinned, collect_count) VALUES ('3c5755b8-cbdf-43ed-9360-c06d0a29fa61', '939374320331410800', 'ce53db0f-0a4e-464b-aa98-af23da0f713e', 'Video 1 for book_worm #tiktok', 'https://picsum.photos/seed/939374320331410800/300/500', 'https://www.tiktok.com/@book_worm/video/939374320331410800', 22835, 1909, 37, 463, '2026-01-22T13:36:08.030Z', NOW(), NOW(), false, false, 0);
INSERT INTO public.tiktok_videos (id, video_id, account_id, description, cover_url, web_video_url, play_count, digg_count, comment_count, share_count, create_time, created_at, updated_at, is_ad, is_pinned, collect_count) VALUES ('ce68e8e9-e91d-4182-9943-7a97ee51dc01', '660101570073910900', 'ce53db0f-0a4e-464b-aa98-af23da0f713e', 'Video 2 for book_worm #tiktok', 'https://picsum.photos/seed/660101570073910900/300/500', 'https://www.tiktok.com/@book_worm/video/660101570073910900', 159439, 10241, 202, 2331, '2026-01-21T13:36:08.030Z', NOW(), NOW(), false, false, 0);
INSERT INTO public.tiktok_videos (id, video_id, account_id, description, cover_url, web_video_url, play_count, digg_count, comment_count, share_count, create_time, created_at, updated_at, is_ad, is_pinned, collect_count) VALUES ('915496a5-6169-41af-8bea-158e02742172', '24659834236763100', 'ce53db0f-0a4e-464b-aa98-af23da0f713e', 'Video 3 for book_worm #tiktok', 'https://picsum.photos/seed/24659834236763100/300/500', 'https://www.tiktok.com/@book_worm/video/24659834236763100', 100422, 12339, 990, 357, '2026-01-03T13:36:08.030Z', NOW(), NOW(), false, false, 0);
INSERT INTO public.tiktok_videos (id, video_id, account_id, description, cover_url, web_video_url, play_count, digg_count, comment_count, share_count, create_time, created_at, updated_at, is_ad, is_pinned, collect_count) VALUES ('7e138a51-18c1-466b-be0f-54a4f0112c5e', '803600318561430800', 'ce53db0f-0a4e-464b-aa98-af23da0f713e', 'Video 4 for book_worm #tiktok', 'https://picsum.photos/seed/803600318561430800/300/500', 'https://www.tiktok.com/@book_worm/video/803600318561430800', 334205, 47447, 1292, 6706, '2026-01-20T13:36:08.030Z', NOW(), NOW(), false, false, 0);
INSERT INTO public.tiktok_videos (id, video_id, account_id, description, cover_url, web_video_url, play_count, digg_count, comment_count, share_count, create_time, created_at, updated_at, is_ad, is_pinned, collect_count) VALUES ('7230eeb5-ce63-4349-af51-9134fc7c8d66', '475136490890120300', 'ce53db0f-0a4e-464b-aa98-af23da0f713e', 'Video 5 for book_worm #tiktok', 'https://picsum.photos/seed/475136490890120300/300/500', 'https://www.tiktok.com/@book_worm/video/475136490890120300', 229700, 24765, 2057, 4188, '2026-01-24T13:36:08.030Z', NOW(), NOW(), false, false, 0);
INSERT INTO public.tiktok_videos (id, video_id, account_id, description, cover_url, web_video_url, play_count, digg_count, comment_count, share_count, create_time, created_at, updated_at, is_ad, is_pinned, collect_count) VALUES ('011d5f3f-c9a7-4a0c-a2d6-0e5a39211878', '27206310001992140', 'ce53db0f-0a4e-464b-aa98-af23da0f713e', 'Video 6 for book_worm #tiktok', 'https://picsum.photos/seed/27206310001992140/300/500', 'https://www.tiktok.com/@book_worm/video/27206310001992140', 262809, 14476, 2329, 4833, '2026-01-17T13:36:08.030Z', NOW(), NOW(), false, false, 0);
INSERT INTO public.tiktok_videos (id, video_id, account_id, description, cover_url, web_video_url, play_count, digg_count, comment_count, share_count, create_time, created_at, updated_at, is_ad, is_pinned, collect_count) VALUES ('c856ce05-d7d3-4912-8167-ffbb638bc5ce', '960784302153503600', 'ce53db0f-0a4e-464b-aa98-af23da0f713e', 'Video 7 for book_worm #tiktok', 'https://picsum.photos/seed/960784302153503600/300/500', 'https://www.tiktok.com/@book_worm/video/960784302153503600', 354814, 32212, 3555, 6785, '2026-01-13T13:36:08.030Z', NOW(), NOW(), false, false, 0);
INSERT INTO public.tiktok_videos (id, video_id, account_id, description, cover_url, web_video_url, play_count, digg_count, comment_count, share_count, create_time, created_at, updated_at, is_ad, is_pinned, collect_count) VALUES ('47f1b973-5808-4a33-82a2-f100059fc471', '308689511409728200', 'ce53db0f-0a4e-464b-aa98-af23da0f713e', 'Video 8 for book_worm #tiktok', 'https://picsum.photos/seed/308689511409728200/300/500', 'https://www.tiktok.com/@book_worm/video/308689511409728200', 420277, 27170, 4322, 7978, '2026-01-25T13:36:08.030Z', NOW(), NOW(), false, false, 0);
INSERT INTO public.tiktok_videos (id, video_id, account_id, description, cover_url, web_video_url, play_count, digg_count, comment_count, share_count, create_time, created_at, updated_at, is_ad, is_pinned, collect_count) VALUES ('18e62d15-2090-4c42-b879-90ffabd712f0', '607442321327722800', 'ce53db0f-0a4e-464b-aa98-af23da0f713e', 'Video 9 for book_worm #tiktok', 'https://picsum.photos/seed/607442321327722800/300/500', 'https://www.tiktok.com/@book_worm/video/607442321327722800', 233179, 18367, 272, 4068, '2026-01-06T13:36:08.030Z', NOW(), NOW(), false, false, 0);
INSERT INTO public.tiktok_videos (id, video_id, account_id, description, cover_url, web_video_url, play_count, digg_count, comment_count, share_count, create_time, created_at, updated_at, is_ad, is_pinned, collect_count) VALUES ('aad025af-51f6-43d1-9afa-55f33d9b00d6', '992051263901915600', 'ce53db0f-0a4e-464b-aa98-af23da0f713e', 'Video 10 for book_worm #tiktok', 'https://picsum.photos/seed/992051263901915600/300/500', 'https://www.tiktok.com/@book_worm/video/992051263901915600', 64500, 9205, 401, 323, '2026-01-21T13:36:08.030Z', NOW(), NOW(), false, false, 0);
INSERT INTO public.daily_snapshots (id, account_id, date, total_views, total_likes, total_comments, total_shares, video_count, created_at) VALUES ('259adfa7-f4f6-4f8d-bdda-2ea95ec1a7d0', 'ce53db0f-0a4e-464b-aa98-af23da0f713e', '2026-01-02', 1138139, 101723, 8047, 19602, 15, NOW());
INSERT INTO public.daily_snapshots (id, account_id, date, total_views, total_likes, total_comments, total_shares, video_count, created_at) VALUES ('8d9df1d8-a621-457a-9bf7-55a2a7c79c39', 'ce53db0f-0a4e-464b-aa98-af23da0f713e', '2026-01-03', 1174484, 105405, 8228, 20356, 11, NOW());
INSERT INTO public.daily_snapshots (id, account_id, date, total_views, total_likes, total_comments, total_shares, video_count, created_at) VALUES ('4990765c-dccc-4b38-a39c-d5ddf3177b81', 'ce53db0f-0a4e-464b-aa98-af23da0f713e', '2026-01-04', 1228651, 108650, 8493, 21296, 7, NOW());
INSERT INTO public.daily_snapshots (id, account_id, date, total_views, total_likes, total_comments, total_shares, video_count, created_at) VALUES ('003ca34a-73b6-4c19-a2eb-25386351d73c', 'ce53db0f-0a4e-464b-aa98-af23da0f713e', '2026-01-05', 1274196, 111483, 8640, 21952, 10, NOW());
INSERT INTO public.daily_snapshots (id, account_id, date, total_views, total_likes, total_comments, total_shares, video_count, created_at) VALUES ('fb533bdf-466d-4fcc-a7c8-bf04bc7171a8', 'ce53db0f-0a4e-464b-aa98-af23da0f713e', '2026-01-06', 1303205, 113170, 8783, 22760, 14, NOW());
INSERT INTO public.daily_snapshots (id, account_id, date, total_views, total_likes, total_comments, total_shares, video_count, created_at) VALUES ('cd8f2c86-45c5-4a3b-a015-550c5872374b', 'ce53db0f-0a4e-464b-aa98-af23da0f713e', '2026-01-07', 1324462, 116531, 9123, 23130, 7, NOW());
INSERT INTO public.daily_snapshots (id, account_id, date, total_views, total_likes, total_comments, total_shares, video_count, created_at) VALUES ('232afc3b-66ff-417b-a547-f113c8ca13ac', 'ce53db0f-0a4e-464b-aa98-af23da0f713e', '2026-01-08', 1344248, 118187, 9445, 23652, 10, NOW());
INSERT INTO public.daily_snapshots (id, account_id, date, total_views, total_likes, total_comments, total_shares, video_count, created_at) VALUES ('5c0ba61c-7d29-42c7-a447-971a956fae36', 'ce53db0f-0a4e-464b-aa98-af23da0f713e', '2026-01-09', 1384745, 122937, 9670, 23999, 5, NOW());
INSERT INTO public.daily_snapshots (id, account_id, date, total_views, total_likes, total_comments, total_shares, video_count, created_at) VALUES ('0045f5e2-315c-435f-902f-001dc5166b7f', 'ce53db0f-0a4e-464b-aa98-af23da0f713e', '2026-01-10', 1416378, 125608, 9988, 24899, 9, NOW());
INSERT INTO public.daily_snapshots (id, account_id, date, total_views, total_likes, total_comments, total_shares, video_count, created_at) VALUES ('0d333ddd-7e8f-4ab2-8c0a-b12abdfa2736', 'ce53db0f-0a4e-464b-aa98-af23da0f713e', '2026-01-11', 1435487, 130047, 10221, 25713, 11, NOW());
INSERT INTO public.daily_snapshots (id, account_id, date, total_views, total_likes, total_comments, total_shares, video_count, created_at) VALUES ('15001ec2-0e8a-4486-941e-f73fca2338b6', 'ce53db0f-0a4e-464b-aa98-af23da0f713e', '2026-01-12', 1476069, 132055, 10404, 26363, 14, NOW());
INSERT INTO public.daily_snapshots (id, account_id, date, total_views, total_likes, total_comments, total_shares, video_count, created_at) VALUES ('248269ff-112c-4f0a-8d38-41c80bc54065', 'ce53db0f-0a4e-464b-aa98-af23da0f713e', '2026-01-13', 1520790, 134649, 10784, 27036, 9, NOW());
INSERT INTO public.daily_snapshots (id, account_id, date, total_views, total_likes, total_comments, total_shares, video_count, created_at) VALUES ('132853a3-6785-4b0e-8396-a40459d9b928', 'ce53db0f-0a4e-464b-aa98-af23da0f713e', '2026-01-14', 1558963, 138866, 11000, 27575, 14, NOW());
INSERT INTO public.daily_snapshots (id, account_id, date, total_views, total_likes, total_comments, total_shares, video_count, created_at) VALUES ('daeda49d-94f8-4802-9fd9-783c693511fd', 'ce53db0f-0a4e-464b-aa98-af23da0f713e', '2026-01-15', 1588961, 143350, 11286, 28321, 14, NOW());
INSERT INTO public.daily_snapshots (id, account_id, date, total_views, total_likes, total_comments, total_shares, video_count, created_at) VALUES ('bf3fddb0-2ab0-4693-8681-699b24bd8e16', 'ce53db0f-0a4e-464b-aa98-af23da0f713e', '2026-01-16', 1609239, 147883, 11624, 28938, 15, NOW());
INSERT INTO public.daily_snapshots (id, account_id, date, total_views, total_likes, total_comments, total_shares, video_count, created_at) VALUES ('5c532842-3168-4bb9-ac23-fd0e681090b4', 'ce53db0f-0a4e-464b-aa98-af23da0f713e', '2026-01-17', 1655747, 152503, 11879, 29819, 7, NOW());
INSERT INTO public.daily_snapshots (id, account_id, date, total_views, total_likes, total_comments, total_shares, video_count, created_at) VALUES ('1282e63b-583f-439c-aa87-f0145dde857f', 'ce53db0f-0a4e-464b-aa98-af23da0f713e', '2026-01-18', 1692604, 157028, 12037, 30290, 11, NOW());
INSERT INTO public.daily_snapshots (id, account_id, date, total_views, total_likes, total_comments, total_shares, video_count, created_at) VALUES ('6f1fbb4f-880e-4f17-a48a-59192ed6ec5b', 'ce53db0f-0a4e-464b-aa98-af23da0f713e', '2026-01-19', 1725418, 161499, 12200, 30899, 13, NOW());
INSERT INTO public.daily_snapshots (id, account_id, date, total_views, total_likes, total_comments, total_shares, video_count, created_at) VALUES ('34a535f6-7ede-423b-a99c-3082f8d10d18', 'ce53db0f-0a4e-464b-aa98-af23da0f713e', '2026-01-20', 1778302, 165134, 12359, 31582, 14, NOW());
INSERT INTO public.daily_snapshots (id, account_id, date, total_views, total_likes, total_comments, total_shares, video_count, created_at) VALUES ('921e83cc-c565-4a19-ac60-3bba044da82e', 'ce53db0f-0a4e-464b-aa98-af23da0f713e', '2026-01-21', 1814061, 167934, 12554, 32242, 8, NOW());
INSERT INTO public.daily_snapshots (id, account_id, date, total_views, total_likes, total_comments, total_shares, video_count, created_at) VALUES ('a3b56aaa-1f79-46cf-97ff-5250571b52e9', 'ce53db0f-0a4e-464b-aa98-af23da0f713e', '2026-01-22', 1857137, 170139, 12928, 32740, 13, NOW());
INSERT INTO public.daily_snapshots (id, account_id, date, total_views, total_likes, total_comments, total_shares, video_count, created_at) VALUES ('1b88e9e4-d145-4728-bd45-b64e471b63f4', 'ce53db0f-0a4e-464b-aa98-af23da0f713e', '2026-01-23', 1887143, 174064, 13095, 33277, 10, NOW());
INSERT INTO public.daily_snapshots (id, account_id, date, total_views, total_likes, total_comments, total_shares, video_count, created_at) VALUES ('317f5707-0648-4114-af79-f14f472490e6', 'ce53db0f-0a4e-464b-aa98-af23da0f713e', '2026-01-24', 1937111, 176640, 13448, 34111, 7, NOW());
INSERT INTO public.daily_snapshots (id, account_id, date, total_views, total_likes, total_comments, total_shares, video_count, created_at) VALUES ('89aa126b-c0fb-4580-9c1c-a3db1c0b9ab1', 'ce53db0f-0a4e-464b-aa98-af23da0f713e', '2026-01-25', 1968417, 181240, 13627, 34787, 7, NOW());
INSERT INTO public.daily_snapshots (id, account_id, date, total_views, total_likes, total_comments, total_shares, video_count, created_at) VALUES ('857ff51c-49fe-47ff-8882-9eb9fa5955dd', 'ce53db0f-0a4e-464b-aa98-af23da0f713e', '2026-01-26', 1996424, 184379, 13765, 35657, 14, NOW());
INSERT INTO public.daily_snapshots (id, account_id, date, total_views, total_likes, total_comments, total_shares, video_count, created_at) VALUES ('436d37f7-3d66-4728-babd-7554d6cbd96d', 'ce53db0f-0a4e-464b-aa98-af23da0f713e', '2026-01-27', 2021471, 189002, 13998, 36363, 6, NOW());
INSERT INTO public.daily_snapshots (id, account_id, date, total_views, total_likes, total_comments, total_shares, video_count, created_at) VALUES ('ac9b45c4-cb43-41c1-86e6-77821d006080', 'ce53db0f-0a4e-464b-aa98-af23da0f713e', '2026-01-28', 2052634, 190907, 14269, 37116, 13, NOW());
INSERT INTO public.daily_snapshots (id, account_id, date, total_views, total_likes, total_comments, total_shares, video_count, created_at) VALUES ('33913944-9638-4878-b99d-47fd85544902', 'ce53db0f-0a4e-464b-aa98-af23da0f713e', '2026-01-29', 2079119, 194860, 14629, 37945, 11, NOW());
INSERT INTO public.daily_snapshots (id, account_id, date, total_views, total_likes, total_comments, total_shares, video_count, created_at) VALUES ('d49dd420-a37e-4c07-95cf-f2de03ba4d73', 'ce53db0f-0a4e-464b-aa98-af23da0f713e', '2026-01-30', 2111670, 198376, 14938, 38817, 15, NOW());
INSERT INTO public.daily_snapshots (id, account_id, date, total_views, total_likes, total_comments, total_shares, video_count, created_at) VALUES ('51944c53-6657-471a-a599-bafbf1a2f8dd', 'ce53db0f-0a4e-464b-aa98-af23da0f713e', '2026-01-31', 2145267, 201918, 15226, 39556, 10, NOW());
INSERT INTO public.tiktok_accounts (id, username, nickname, avatar_url, follower_count, following_count, heart_count, video_count, is_active, created_at) VALUES ('4aa46201-b3d8-40e7-94b9-56f0caf578a2', 'dance_star', 'Dance Star', 'https://api.dicebear.com/7.x/avataaars/svg?seed=dance_star', 502178, 450, 390670, 99, true, NOW());
INSERT INTO public.tiktok_videos (id, video_id, account_id, description, cover_url, web_video_url, play_count, digg_count, comment_count, share_count, create_time, created_at, updated_at, is_ad, is_pinned, collect_count) VALUES ('712cf1de-05c6-4387-91d1-dbf1fe20ce18', '711718934052636900', '4aa46201-b3d8-40e7-94b9-56f0caf578a2', 'Video 1 for dance_star #tiktok', 'https://picsum.photos/seed/711718934052636900/300/500', 'https://www.tiktok.com/@dance_star/video/711718934052636900', 417658, 51141, 1130, 1281, '2026-01-24T13:36:08.030Z', NOW(), NOW(), false, false, 0);
INSERT INTO public.tiktok_videos (id, video_id, account_id, description, cover_url, web_video_url, play_count, digg_count, comment_count, share_count, create_time, created_at, updated_at, is_ad, is_pinned, collect_count) VALUES ('def3860c-cc66-4ae0-808e-aaefdb6eb6ff', '512964808640376640', '4aa46201-b3d8-40e7-94b9-56f0caf578a2', 'Video 2 for dance_star #tiktok', 'https://picsum.photos/seed/512964808640376640/300/500', 'https://www.tiktok.com/@dance_star/video/512964808640376640', 435705, 40809, 4346, 8189, '2026-01-13T13:36:08.030Z', NOW(), NOW(), false, false, 0);
INSERT INTO public.tiktok_videos (id, video_id, account_id, description, cover_url, web_video_url, play_count, digg_count, comment_count, share_count, create_time, created_at, updated_at, is_ad, is_pinned, collect_count) VALUES ('fed87fe7-ead9-4331-949b-6a540ddcb255', '993043657504434600', '4aa46201-b3d8-40e7-94b9-56f0caf578a2', 'Video 3 for dance_star #tiktok', 'https://picsum.photos/seed/993043657504434600/300/500', 'https://www.tiktok.com/@dance_star/video/993043657504434600', 252880, 15226, 1903, 3424, '2026-01-23T13:36:08.030Z', NOW(), NOW(), false, false, 0);
INSERT INTO public.tiktok_videos (id, video_id, account_id, description, cover_url, web_video_url, play_count, digg_count, comment_count, share_count, create_time, created_at, updated_at, is_ad, is_pinned, collect_count) VALUES ('66ac6a80-e093-456e-a651-ddc05455863f', '178415675753015200', '4aa46201-b3d8-40e7-94b9-56f0caf578a2', 'Video 4 for dance_star #tiktok', 'https://picsum.photos/seed/178415675753015200/300/500', 'https://www.tiktok.com/@dance_star/video/178415675753015200', 188046, 21726, 621, 2045, '2026-01-18T13:36:08.030Z', NOW(), NOW(), false, false, 0);
INSERT INTO public.tiktok_videos (id, video_id, account_id, description, cover_url, web_video_url, play_count, digg_count, comment_count, share_count, create_time, created_at, updated_at, is_ad, is_pinned, collect_count) VALUES ('1b0bd57a-cf88-4761-9718-699a69bb64f2', '897455886370960600', '4aa46201-b3d8-40e7-94b9-56f0caf578a2', 'Video 5 for dance_star #tiktok', 'https://picsum.photos/seed/897455886370960600/300/500', 'https://www.tiktok.com/@dance_star/video/897455886370960600', 106349, 8388, 354, 1147, '2026-01-11T13:36:08.030Z', NOW(), NOW(), false, false, 0);
INSERT INTO public.tiktok_videos (id, video_id, account_id, description, cover_url, web_video_url, play_count, digg_count, comment_count, share_count, create_time, created_at, updated_at, is_ad, is_pinned, collect_count) VALUES ('b3491a8c-6426-4245-a18c-80c12d2c9494', '142107055788181950', '4aa46201-b3d8-40e7-94b9-56f0caf578a2', 'Video 6 for dance_star #tiktok', 'https://picsum.photos/seed/142107055788181950/300/500', 'https://www.tiktok.com/@dance_star/video/142107055788181950', 165954, 22426, 1120, 718, '2026-01-25T13:36:08.030Z', NOW(), NOW(), false, false, 0);
INSERT INTO public.tiktok_videos (id, video_id, account_id, description, cover_url, web_video_url, play_count, digg_count, comment_count, share_count, create_time, created_at, updated_at, is_ad, is_pinned, collect_count) VALUES ('af2b9b62-bda9-4a63-9f06-328d4514b96c', '816093493741994000', '4aa46201-b3d8-40e7-94b9-56f0caf578a2', 'Video 7 for dance_star #tiktok', 'https://picsum.photos/seed/816093493741994000/300/500', 'https://www.tiktok.com/@dance_star/video/816093493741994000', 153215, 19827, 945, 1542, '2026-01-17T13:36:08.030Z', NOW(), NOW(), false, false, 0);
INSERT INTO public.tiktok_videos (id, video_id, account_id, description, cover_url, web_video_url, play_count, digg_count, comment_count, share_count, create_time, created_at, updated_at, is_ad, is_pinned, collect_count) VALUES ('cbb92f05-8ddd-441a-991d-b07b87b40741', '76976405442206420', '4aa46201-b3d8-40e7-94b9-56f0caf578a2', 'Video 8 for dance_star #tiktok', 'https://picsum.photos/seed/76976405442206420/300/500', 'https://www.tiktok.com/@dance_star/video/76976405442206420', 266242, 36555, 2677, 2736, '2026-01-11T13:36:08.030Z', NOW(), NOW(), false, false, 0);
INSERT INTO public.tiktok_videos (id, video_id, account_id, description, cover_url, web_video_url, play_count, digg_count, comment_count, share_count, create_time, created_at, updated_at, is_ad, is_pinned, collect_count) VALUES ('4b7f6c58-41f1-4a7e-bda7-7be9f34ff080', '544681799790590600', '4aa46201-b3d8-40e7-94b9-56f0caf578a2', 'Video 9 for dance_star #tiktok', 'https://picsum.photos/seed/544681799790590600/300/500', 'https://www.tiktok.com/@dance_star/video/544681799790590600', 457200, 51025, 3209, 6967, '2026-01-15T13:36:08.030Z', NOW(), NOW(), false, false, 0);
INSERT INTO public.tiktok_videos (id, video_id, account_id, description, cover_url, web_video_url, play_count, digg_count, comment_count, share_count, create_time, created_at, updated_at, is_ad, is_pinned, collect_count) VALUES ('3b11fcfb-f8d3-4478-be61-ab6342dacbc7', '320246039722336600', '4aa46201-b3d8-40e7-94b9-56f0caf578a2', 'Video 10 for dance_star #tiktok', 'https://picsum.photos/seed/320246039722336600/300/500', 'https://www.tiktok.com/@dance_star/video/320246039722336600', 396868, 46029, 2907, 3794, '2026-01-25T13:36:08.030Z', NOW(), NOW(), false, false, 0);
INSERT INTO public.daily_snapshots (id, account_id, date, total_views, total_likes, total_comments, total_shares, video_count, created_at) VALUES ('096d4374-fb7e-404c-b7fc-32668e39958e', '4aa46201-b3d8-40e7-94b9-56f0caf578a2', '2026-01-02', 1445595, 162811, 9885, 16440, 8, NOW());
INSERT INTO public.daily_snapshots (id, account_id, date, total_views, total_likes, total_comments, total_shares, video_count, created_at) VALUES ('7ec16518-5aed-4e39-a67a-c1e666272a97', '4aa46201-b3d8-40e7-94b9-56f0caf578a2', '2026-01-03', 1472239, 166901, 10114, 16707, 13, NOW());
INSERT INTO public.daily_snapshots (id, account_id, date, total_views, total_likes, total_comments, total_shares, video_count, created_at) VALUES ('7b13826a-ef62-458d-9704-f9e4cbe60cfa', '4aa46201-b3d8-40e7-94b9-56f0caf578a2', '2026-01-04', 1520373, 170123, 10407, 17100, 11, NOW());
INSERT INTO public.daily_snapshots (id, account_id, date, total_views, total_likes, total_comments, total_shares, video_count, created_at) VALUES ('ac9c293e-b354-4c7b-9359-19360ebce549', '4aa46201-b3d8-40e7-94b9-56f0caf578a2', '2026-01-05', 1589649, 173133, 10720, 17688, 15, NOW());
INSERT INTO public.daily_snapshots (id, account_id, date, total_views, total_likes, total_comments, total_shares, video_count, created_at) VALUES ('e785bb45-2b76-4259-81d4-0e5c4d66da72', '4aa46201-b3d8-40e7-94b9-56f0caf578a2', '2026-01-06', 1635770, 176929, 11014, 18293, 9, NOW());
INSERT INTO public.daily_snapshots (id, account_id, date, total_views, total_likes, total_comments, total_shares, video_count, created_at) VALUES ('a3ef78f2-4206-4808-8a70-a054cb336842', '4aa46201-b3d8-40e7-94b9-56f0caf578a2', '2026-01-07', 1680526, 179893, 11208, 18939, 5, NOW());
INSERT INTO public.daily_snapshots (id, account_id, date, total_views, total_likes, total_comments, total_shares, video_count, created_at) VALUES ('b3d5a082-42fd-43ab-b57c-cd42fee7772b', '4aa46201-b3d8-40e7-94b9-56f0caf578a2', '2026-01-08', 1713606, 185925, 11463, 19479, 7, NOW());
INSERT INTO public.daily_snapshots (id, account_id, date, total_views, total_likes, total_comments, total_shares, video_count, created_at) VALUES ('5d2df591-713f-405a-be2a-f140c6a36f19', '4aa46201-b3d8-40e7-94b9-56f0caf578a2', '2026-01-09', 1746380, 192726, 11713, 19771, 9, NOW());
INSERT INTO public.daily_snapshots (id, account_id, date, total_views, total_likes, total_comments, total_shares, video_count, created_at) VALUES ('93546d9a-cff2-43ec-880b-7a074cc97cbe', '4aa46201-b3d8-40e7-94b9-56f0caf578a2', '2026-01-10', 1776488, 197869, 11905, 20279, 12, NOW());
INSERT INTO public.daily_snapshots (id, account_id, date, total_views, total_likes, total_comments, total_shares, video_count, created_at) VALUES ('50321681-06d4-4821-85a1-16f51015ffe6', '4aa46201-b3d8-40e7-94b9-56f0caf578a2', '2026-01-11', 1816425, 205161, 12166, 20608, 14, NOW());
INSERT INTO public.daily_snapshots (id, account_id, date, total_views, total_likes, total_comments, total_shares, video_count, created_at) VALUES ('5831bf4d-fc7e-4b37-bd94-1ba31c9a0d0a', '4aa46201-b3d8-40e7-94b9-56f0caf578a2', '2026-01-12', 1866665, 209807, 12342, 21307, 11, NOW());
INSERT INTO public.daily_snapshots (id, account_id, date, total_views, total_likes, total_comments, total_shares, video_count, created_at) VALUES ('ce0b574e-fb0b-4527-a5a6-972b10d5b870', '4aa46201-b3d8-40e7-94b9-56f0caf578a2', '2026-01-13', 1908331, 216237, 12755, 21960, 10, NOW());
INSERT INTO public.daily_snapshots (id, account_id, date, total_views, total_likes, total_comments, total_shares, video_count, created_at) VALUES ('7900f891-d69b-4eef-b9c4-0e4d9c674dc2', '4aa46201-b3d8-40e7-94b9-56f0caf578a2', '2026-01-14', 1948020, 223987, 13175, 22348, 5, NOW());
INSERT INTO public.daily_snapshots (id, account_id, date, total_views, total_likes, total_comments, total_shares, video_count, created_at) VALUES ('af809a1d-1991-4db0-acb0-029ef835ad9b', '4aa46201-b3d8-40e7-94b9-56f0caf578a2', '2026-01-15', 1991145, 231630, 13449, 22737, 6, NOW());
INSERT INTO public.daily_snapshots (id, account_id, date, total_views, total_likes, total_comments, total_shares, video_count, created_at) VALUES ('a66f59e3-3112-4ef3-9c69-11ddf843896d', '4aa46201-b3d8-40e7-94b9-56f0caf578a2', '2026-01-16', 2024016, 237023, 13705, 23078, 12, NOW());
INSERT INTO public.daily_snapshots (id, account_id, date, total_views, total_likes, total_comments, total_shares, video_count, created_at) VALUES ('6d6801f5-5c2a-4bcb-8c15-22596f0e3303', '4aa46201-b3d8-40e7-94b9-56f0caf578a2', '2026-01-17', 2071926, 244413, 13965, 23754, 11, NOW());
INSERT INTO public.daily_snapshots (id, account_id, date, total_views, total_likes, total_comments, total_shares, video_count, created_at) VALUES ('14b08e8f-e7ad-42b7-b7da-1af3bcb36a26', '4aa46201-b3d8-40e7-94b9-56f0caf578a2', '2026-01-18', 2127663, 251619, 14151, 24121, 10, NOW());
INSERT INTO public.daily_snapshots (id, account_id, date, total_views, total_likes, total_comments, total_shares, video_count, created_at) VALUES ('f0a4a94b-4344-4d67-a6af-c6040a879cbf', '4aa46201-b3d8-40e7-94b9-56f0caf578a2', '2026-01-19', 2155031, 257443, 14600, 24894, 10, NOW());
INSERT INTO public.daily_snapshots (id, account_id, date, total_views, total_likes, total_comments, total_shares, video_count, created_at) VALUES ('44c4c498-19a2-4214-b6a6-7a1dcbb12033', '4aa46201-b3d8-40e7-94b9-56f0caf578a2', '2026-01-20', 2182423, 263533, 15010, 25624, 6, NOW());
INSERT INTO public.daily_snapshots (id, account_id, date, total_views, total_likes, total_comments, total_shares, video_count, created_at) VALUES ('11b1efd4-db70-4d64-b331-02c9b64d9fed', '4aa46201-b3d8-40e7-94b9-56f0caf578a2', '2026-01-21', 2208812, 267339, 15452, 26076, 15, NOW());
INSERT INTO public.daily_snapshots (id, account_id, date, total_views, total_likes, total_comments, total_shares, video_count, created_at) VALUES ('611eee9f-5c4b-40f9-82da-ca9042324758', '4aa46201-b3d8-40e7-94b9-56f0caf578a2', '2026-01-22', 2274387, 271242, 15714, 26722, 11, NOW());
INSERT INTO public.daily_snapshots (id, account_id, date, total_views, total_likes, total_comments, total_shares, video_count, created_at) VALUES ('b248aae2-80b4-463b-86c2-75996df317f7', '4aa46201-b3d8-40e7-94b9-56f0caf578a2', '2026-01-23', 2330677, 276241, 16117, 27300, 8, NOW());
INSERT INTO public.daily_snapshots (id, account_id, date, total_views, total_likes, total_comments, total_shares, video_count, created_at) VALUES ('6d87815b-dfb4-44d3-b22a-e959728b2db8', '4aa46201-b3d8-40e7-94b9-56f0caf578a2', '2026-01-24', 2382566, 283558, 16372, 27584, 8, NOW());
INSERT INTO public.daily_snapshots (id, account_id, date, total_views, total_likes, total_comments, total_shares, video_count, created_at) VALUES ('5ae61330-dd5c-4392-95e0-4cdfb78f6e85', '4aa46201-b3d8-40e7-94b9-56f0caf578a2', '2026-01-25', 2422033, 289202, 16535, 28300, 8, NOW());
INSERT INTO public.daily_snapshots (id, account_id, date, total_views, total_likes, total_comments, total_shares, video_count, created_at) VALUES ('69b39b2d-4941-43ae-bd09-5220940c7afe', '4aa46201-b3d8-40e7-94b9-56f0caf578a2', '2026-01-26', 2475970, 294440, 16863, 28779, 5, NOW());
INSERT INTO public.daily_snapshots (id, account_id, date, total_views, total_likes, total_comments, total_shares, video_count, created_at) VALUES ('a5da4a18-beaa-43ed-b219-27f076892da9', '4aa46201-b3d8-40e7-94b9-56f0caf578a2', '2026-01-27', 2545910, 300880, 17327, 29551, 14, NOW());
INSERT INTO public.daily_snapshots (id, account_id, date, total_views, total_likes, total_comments, total_shares, video_count, created_at) VALUES ('30e14cec-8fa1-411e-ad4f-3121771f14c4', '4aa46201-b3d8-40e7-94b9-56f0caf578a2', '2026-01-28', 2587490, 304013, 17538, 29827, 11, NOW());
INSERT INTO public.daily_snapshots (id, account_id, date, total_views, total_likes, total_comments, total_shares, video_count, created_at) VALUES ('17eae23c-994b-4d8e-a024-959b5100debb', '4aa46201-b3d8-40e7-94b9-56f0caf578a2', '2026-01-29', 2648388, 309816, 17797, 30165, 5, NOW());
INSERT INTO public.daily_snapshots (id, account_id, date, total_views, total_likes, total_comments, total_shares, video_count, created_at) VALUES ('43d2a7ec-f7e7-4464-8449-2b99f4a45d6d', '4aa46201-b3d8-40e7-94b9-56f0caf578a2', '2026-01-30', 2710980, 314021, 18246, 30601, 13, NOW());
INSERT INTO public.daily_snapshots (id, account_id, date, total_views, total_likes, total_comments, total_shares, video_count, created_at) VALUES ('7755dd19-c3ab-4617-bfa7-81dcfacee955', '4aa46201-b3d8-40e7-94b9-56f0caf578a2', '2026-01-31', 2744365, 320016, 18630, 31128, 8, NOW());